<?xml version='1.0' encoding='windows-1252' ?>
<ftstdata>
<topic name="About managing group chats" url="about_managing_group_chats.html" />
<topic name="About the Messenger Admin Console" url="about_the_messenger_admin_console.html" />
<topic name="About the server" url="about_the_server.html" />
<topic name="About users and groups" url="about_users_and_groups.html" />
<topic name="Add users to the system" url="add_users_to_the_system.html" />
<topic name="Advanced searching" url="advanced_searching.html" />
<topic name="Change a user password" url="change_a_user_password.html" />
<topic name="Close a client session connection" url="close_a_client_session_connection.html" />
<topic name="Create a group" url="create_a_group.html" />
<topic name="Create a group chat room" url="create_a_group_chat_room.html" />
<topic name="Create a shared roster group" url="create_a_shared_roster_group.html" />
<topic name="Delete a group" url="delete_a_group.html" />
<topic name="Delete a group chat room" url="delete_a_group_chat_room.html" />
<topic name="Detail information for support" url="detail_information_for_support.html" />
<topic name="Edit conversation logging settings" url="edit_conversation_logging_settings.html" />
<topic name="Edit group chat history settings" url="edit_group_chat_history_settings.html" />
<topic name="Edit group chat room settings" url="edit_group_chat_room_settings.html" />
<topic name="Edit group chat room user permissions" url="edit_group_chat_room_user_permissions.html" />
<topic name="Edit group chat service administrators" url="edit_group_chat_service_administrators.html" />
<topic name="Edit group chat service properties" url="edit_group_chat_service_properties.html" />
<topic name="Edit group membership" url="edit_group_membership.html" />
<topic name="Edit group properties" url="edit_group_properties.html" />
<topic name="Edit idle user settings" url="edit_idle_user_settings.html" />
<topic name="Edit server properties" url="edit_server_properties.html" />
<topic name="Edit user properties" url="edit_user_properties.html" />
<topic name="Find what you want in Help" url="find_what_you_want_in_help.html" />
<topic name="Get around in the Messenger Admin Console" url="get_around_in_the_messenger_admin_console.html" />
<topic name="Get Started" url="get_started_jm.html" />
<topic name="Group Chat Main Menu tab" url="group_chat_main_menu_tab.html" />
<topic name="Manage offline messages" url="manage_offline_messages.html" />
<topic name="Manage registration and login settings" url="manage_registration_and_login_settings.html" />
<topic name="Manage security certificates" url="manage_security_certificates.html" />
<topic name="Manage system plugins" url="manage_system_plugins.html" />
<topic name="Manage system properties" url="manage_system_properties.html" />
<topic name="Other support resources" url="other_support_resources.html" />
<topic name="Remove a shared roster group from rosters" url="remove_a_shared_roster_group_from_rosters.html" />
<topic name="Remove a user from the system" url="remove_a_user_from_the_system.html" />
<topic name="Restart the server" url="restart_the_server.html" />
<topic name="Search for a user" url="search_for_a_user.html" />
<topic name="Send an administrative message to users" url="send_an_administrative_message_to_users.html" />
<topic name="Server Main Menu Tab" url="server_main_menu_tab_jm.html" />
<topic name="Sessions Main Menu tab" url="sessions.html" />
<topic name="Set group chat room creation permissions" url="set_group_chat_room_creation_permissions.html" />
<topic name="Set private data storage policy" url="set_private_data_storage_policy.html" />
<topic name="Set server traffic auditing policy" url="set_server_traffic_auditing_policy.html" />
<topic name="Set the server email account" url="set_the_server_email_account.html" />
<topic name="Set the server resource conflict policy" url="set_the_server_resource_conflict_policy.html" />
<topic name="Stop the server" url="stop_the_server.html" />
<topic name="Use the server logs" url="use_the_server_logs.html" />
<topic name="Users and Groups Main Menu tab" url="users_and_groups_main_menu_tab.html" />
<topic name="View active client sessions" url="view_active_client_sessions.html" />
<topic name="View active server sessions" url="view_active_server_sessions.html" />
<topic name="View database connection properties" url="view_database_connection_properties.html" />
<topic name="View group chat room summary" url="view_group_chat_room_summary.html" />
<topic name="View server settings" url="view_server_settings.html" />

</ftstdata>  
