<?xml version='1.0' encoding='windows-1252' ?>
<ftstdata>
<topic name="About agents and agent groups" url="about_agents_and_agent_groups.html" />
<topic name="About managing group chats" url="about_managing_group_chats.html" />
<topic name="About the Live Assistant Admin Console" url="about_the_live_assistant_admin_console.html" />
<topic name="About the server" url="about_the_server.html" />
<topic name="About the Webchat form" url="about_the_webchat_form.html" />
<topic name="About users and groups" url="about_users_and_groups.html" />
<topic name="About workgroups and queues" url="about_workgroups_and_queues.html" />
<topic name="Add a global interceptor class" url="add_a_global_interceptor_class.html" />
<topic name="Add a router class" url="add_a_router_class.html" />
<topic name="Add agent groups to a queue" url="add_agent_groups_to_a_queue.html" />
<topic name="Add agents to a queue" url="add_agents_to_a_queue.html" />
<topic name="Add an interceptor class" url="add_an_interceptor_class.html" />
<topic name="Add canned responses to a workgroup" url="add_canned_responses_to_a_workgroup.html" />
<topic name="Add or change form images" url="add_or_change_form_images.html" />
<topic name="Add users to the system" url="add_users_to_the_system.html" />
<topic name="Advanced searching" url="advanced_searching.html" />
<topic name="Change a user password" url="change_a_user_password.html" />
<topic name="Chat request window" url="chat_request_window.html" />
<topic name="Chat window" url="chat_window.html" />
<topic name="Close a client session connection" url="close_a_client_session_connection.html" />
<topic name="Configure Chatbot settings" url="configure_chatbot_settings.html" />
<topic name="Configure global dispatcher settings" url="configure_global_dispatcher_settings.html" />
<topic name="Create a custom form field" url="create_a_custom_form_field.html" />
<topic name="Create a form" url="create_a_form.html" />
<topic name="Create a form variable" url="create_a_form_variable.html" />
<topic name="Create a group" url="create_a_group.html" />
<topic name="Create a group chat room" url="create_a_group_chat_room.html" />
<topic name="Create a queue" url="create_a_queue.html" />
<topic name="Create a shared roster group" url="create_a_shared_roster_group.html" />
<topic name="Create a workgroup" url="create_a_workgroup.html" />
<topic name="Create an agent group" url="create_an_angent_group.html" />
<topic name="Default setup" url="default_setup.html" />
<topic name="Define a router" url="define_a_router.html" />
<topic name="Delete a group" url="delete_a_group.html" />
<topic name="Delete a group chat room" url="delete_a_group_chat_room.html" />
<topic name="Delete a queue" url="delete_a_queue.html" />
<topic name="Delete a workgroup" url="delete_a_workgroup.html" />
<topic name="Delete an agent group" url="delete_an_agent_group.html" />
<topic name="Deploy the Agent application" url="deploy_the_agent_application.html" />
<topic name="Deploy the Webchat Client application" url="deploy_the_webchat_client_application.html" />
<topic name="Detail information for support" url="detail_information_for_support.html" />
<topic name="Download and run the Agent Console installer" url="download_and_run_the_agent_console_installer.html" />
<topic name="Edit agent group membership" url="edit_agent_group_membership.html" />
<topic name="Edit conversation logging settings" url="edit_conversation_logging_settings.html" />
<topic name="Edit form text" url="edit_form_text.html" />
<topic name="Edit global workgroup settings" url="edit_global_workgroup_settings.html" />
<topic name="Edit group chat history settings" url="edit_group_chat_history_settings.html" />
<topic name="Edit group chat room settings" url="edit_group_chat_room_settings.html" />
<topic name="Edit group chat room user permissions" url="edit_group_chat_room_user_permissions.html" />
<topic name="Edit group chat service administrators" url="edit_group_chat_service_administrators.html" />
<topic name="Edit group chat service properties" url="edit_group_chat_service_properties.html" />
<topic name="Edit group membership" url="edit_group_membership.html" />
<topic name="Edit group properties" url="edit_group_properties.html" />
<topic name="Edit idle user settings" url="edit_idle_user_settings.html" />
<topic name="Edit or delete a form field" url="edit_or_delete_a_form_field.html" />
<topic name="Edit or delete canned responses" url="edit_or_delete_canned_responses.html" />
<topic name="Edit or uninstall a workgroup router" url="edit_or_uninstall_a_workgroup_router.html" />
<topic name="Edit or uninstall an interceptor" url="edit_or_uninstall_an_interceptor.html" />
<topic name="Edit or uninstall global interceptors" url="edit_or_uninstall_global_interceptors.html" />
<topic name="Edit queue properties" url="edit_queue_properties.html" />
<topic name="Edit server properties" url="edit_server_properties.html" />
<topic name="Edit user properties" url="edit_user_properties.html" />
<topic name="Edit workgroup properties" url="edit_workgroup_properties.html" />
<topic name="Enable or disable Chatbot" url="enable_or_disable_chatbot.html" />
<topic name="Find what you want in Help" url="find_what_you_want_in_help.html" />
<topic name="Get around in the Admin Console" url="get_around_in_the_admin_console.html" />
<topic name="Get started" url="get_started.html" />
<topic name="Group Chat Main Menu tab" url="group_chat_main_menu_tab.html" />
<topic name="holder" url="holder.htm" />
<topic name="Install a global interceptor" url="install_a_global_interceptor.html" />
<topic name="Install a router for a workgroup" url="install_a_router_for_a_workgroup.html" />
<topic name="Install an interceptor for a workgroup" url="install_an_interceptor_for_a_workgroup.html" />
<topic name="Interceptors" url="interceptors.html" />
<topic name="Live Assistant Main Menu tab" url="live_assistant_main_menu_tab.htm" />
<topic name="Live Assistant system" url="live_assistant_system.htm" />
<topic name="Manage offline messages" url="manage_offline_messages.html" />
<topic name="Manage registration and login settings" url="manage_registration_and_login_settings.html" />
<topic name="Manage security certificates" url="manage_security_certificates.html" />
<topic name="Manage system plugins" url="manage_system_plugins.html" />
<topic name="Manage system properties" url="manage_system_properties.html" />
<topic name="Members box" url="members_box.htm" />
<topic name="Open and close a workgroup manually" url="open_and_close_a_workgroup_manually.html" />
<topic name="Other support resources" url="other_support_resources.html" />
<topic name="Possible Agents to Add" url="possible_agents_to_add.html" />
<topic name="Remove a shared roster group from rosters" url="remove_a_shared_roster_group_from_rosters.html" />
<topic name="Remove a user from the system" url="remove_a_user_from_the_system.html" />
<topic name="Remove agents from a queue" url="remove_agents_from_a_queue.html" />
<topic name="Restart the server" url="restart_the_server.html" />
<topic name="Run a test chat session" url="run_a_test_chat_session.html" />
<topic name="Search for a user" url="search_for_a_user.html" />
<topic name="Send an administrative message to users" url="send_an_administrative_message_to_users.html" />
<topic name="Server Main Menu tab" url="server_main_menu_tab.html" />
<topic name="Sessions Main Menu tab" url="sessions.html" />
<topic name="Set a schedule for a workgroup" url="set_a_schedule_for_a_workgroup.html" />
<topic name="Set an offline policy for a workgroup" url="set_an_offline_policy_for_a_workgroup.html" />
<topic name="Set group chat room creation permissions" url="set_group_chat_room_creation_permissions.html" />
<topic name="Set header and message text for transcript emails" url="set_header_and_message_text_for_transcript_emails.html" />
<topic name="Set private data storage policy" url="set_private_data_storage_policy.html" />
<topic name="Set queue overflow policy" url="set_queue_overflow_policy.html" />
<topic name="Set server traffic auditing policy" url="set_server_traffic_auditing_policy.html" />
<topic name="Set the server email account" url="set_the_server_email_account.html" />
<topic name="Set the server resource conflict policy" url="set_the_server_resource_conflict_policy.html" />
<topic name="Specify search settings for a workgroup" url="specify_search_settings_for_workgroup.html" />
<topic name="Stop the server" url="stop_the_server.html" />
<topic name="Use Live Assistant for the first time" url="use_live_assistant_for_the_first_time.html" />
<topic name="Use the server logs" url="use_the_server_logs.html" />
<topic name="Users and Groups Main Menu tab" url="users_and_groups_main_menu_tab.html" />
<topic name="View active client sessions" url="view_active_client_sessions.html" />
<topic name="View active server sessions" url="view_active_server_sessions.html" />
<topic name="View chat transcript reports for a workgroup" url="view_chat_transcript_reports_for_a_workgroup.html" />
<topic name="View database connection properties" url="view_database_connection_properties.html" />
<topic name="View group chat room summary" url="view_group_chat_room_summary.html" />
<topic name="View Live Assistant license details" url="view_live_assistant_license_details.html" />
<topic name="View server settings" url="view_server_settings.html" />

</ftstdata>  
