<?xml version='1.0' encoding='windows-1252' ?>
<ftswdata>
<key name="membership"> 42,51,52,73, </key>
<key name="memory"> 113, </key>
<key name="menu"> 65,67,73,91,92,106, </key>
<key name="mere"> 56,57,58, </key>
<key name="messag"> 3,12,20,46,55,75,90,91,92,94,96,99, </key>
<key name="messeng"> 3,77, </key>
<key name="metadata"> 32, </key>
<key name="method"> 82,103, </key>
<key name="minimum"> 45,62,100, </key>
<key name="minut"> 20,53, </key>
<key name="mod"> 110, </key>
<key name="moderat"> 26, </key>
<key name="moderator"> 26, </key>
<key name="modify"> 72, </key>
<key name="modul"> 78, </key>
<key name="moment"> 21,114, </key>
<key name="monday"> 82, </key>
<key name="mov"> 23,45,54, </key>
<key name="muc"> 1, </key>
<key name="much"> 46,82, </key>
<key name="multi"> 1, </key>
<key name="multipl"> 0,1,9,30,110, </key>
<key name="must"> 6,20,27,35,38,39,61, </key>
<key name="nam"> 7,8,9,10,11,12,13,14,15,16,20,21,22,23,24,25,26,27,28,29,30,32,35,40,42,44,45,48,49,50,51,52,54,55,56,57,59,60,61,62,63,70,71,79,81,84,86,88,89,93,94,95,96,98,100,102,106,107,108,109,110,112,113, </key>
<key name="nameofyourserv"> 29, </key>
<key name="navigat"> 38,39,41,88, </key>
<key name="navigation"> 64, </key>
<key name="ne"> 0,9,14,22,29,38,39,41,50,64,70,71,81,82,87,90,96,103, </key>
<key name="necessary"> 4,77, </key>
<key name="need"> 20,22,104, </key>
<key name="new"> 12,14,16,24,25,26,27,29,45,51,59,61,79, </key>
<key name="next"> 13,39,48,82, </key>
<key name="not"> 14,38,39,41,50,55,56,57,58,64,68,96, </key>
<key name="now"> 9,10,29,39,41,69,70,71, </key>
<key name="null"> 58, </key>
<key name="numb"> 20,26,40,43,45,46,53,59,62,68,98,99,101,105,112,114,115, </key>
<key name="number"> 62,64,114, </key>
<key name="observ"> 82, </key>
<key name="occasional"> 96, </key>
<key name="occupant"> 26, </key>
<key name="of"> 21,45,59,62, </key>
<key name="offer"> 45, </key>
<key name="offlin"> 3,75,91,94, </key>
<key name="often"> 43,99, </key>
<key name="ok"> 19,37, </key>
<key name="old"> 35, </key>
<key name="on"> 0,3,6,14,21,26,27,28,35,41,42,46,63,64,69,70,71,75,76,79,82,98,101, </key>
<key name="onc"> 14,88,110, </key>
<key name="onlin"> 64,81,82, </key>
<key name="onscreen"> 38,39, </key>
<key name="open"> 14,64,81,88,93,110, </key>
<key name="operat"> 40, </key>
<key name="operation"> 29, </key>
<key name="option"> 15,16,22,26,28,32,45,46,48,55,59,62,63,65,95,97,101,109, </key>
<key name="optional"> 22,24,25,27,28,29,30,34, </key>
<key name="ord"> 23,54,56,57,58,105, </key>
<key name="organiz"> 25, </key>
<key name="os"> 113, </key>
<key name="our"> 82, </key>
<key name="out"> 45,93,115, </key>
<key name="outcast"> 48, </key>
<key name="overall"> 115, </key>
<key name="overflow"> 10,45,59,98, </key>
<key name="overrid"> 45,58,81, </key>
<key name="overview"> 111, </key>
<key name="own"> 4,16,20,69,71,88,104, </key>
<key name="owner"> 34,48, </key>
<key name="packag"> 82, </key>
<key name="packet"> 7,11,57,58,69,71,72,99, </key>
<key name="pag"> 12,15,38,41,44,54,64,94,103,114, </key>
<key name="pair"> 32,56, </key>
<key name="pan"> 7,8,9,10,11,12,13,14,15,16,20,21,22,23,24,25,26,27,28,29,30,33,34,35,37,41,42,43,44,45,46,47,48,49,51,52,53,54,55,56,57,58,59,60,63,64,69,70,71,75,76,77,78,79,84,86,88,89,90,93,94,95,96,97,98,99,100,101,102,105,108,109,110,111,112,115, </key>
<key name="paramet"> 24, </key>
<key name="parameter"> 15, </key>
<key name="part"> 41,65,103, </key>
<key name="participant"> 26,46,90,92,93, </key>
<key name="particular"> 4,6,32,89,109, </key>
<key name="pas"> 72, </key>
<key name="password"> 16,26,76,88,100,106, </key>
<key name="path"> 13, </key>
<key name="per"> 45,62, </key>
<key name="perform"> 22,65, </key>
<key name="period"> 109,115, </key>
<key name="permanent"> 34,36, </key>
<key name="permission"> 48,67,95, </key>
<key name="persistent"> 26, </key>
<key name="person"> 61, </key>
<key name="personal"> 3,91,97, </key>
<key name="plac"> 6,79,105, </key>
<key name="placehold"> 39, </key>
<key name="plugin"> 3,38,39,78,91,104, </key>
<key name="polici"> 75, </key>
<key name="policy"> 3,10,53,59,75,91,94,97,98,99,101, </key>
<key name="populat"> 22, </key>
<key name="port"> 60,100,113, </key>
<key name="possibl"> 9,10,29,42,82,83, </key>
<key name="post"> 82, </key>
<key name="premium"> 82, </key>
<key name="pres"> 22,64,86, </key>
<key name="presenc"> 26, </key>
<key name="present"> 23, </key>
<key name="prevent"> 76, </key>
<key name="previou"> 22, </key>
<key name="privat"> 97, </key>
<key name="privileg"> 1, </key>
<key name="problem"> 105, </key>
<key name="proces"> 38,39, </key>
<key name="processor"> 113, </key>
<key name="product"> 6,32,40,82,112, </key>
<key name="project"> 0, </key>
<key name="properti"> 2,3,14,23,32,42,50,52,56,57,58,59,60,61,62,67,73,79,81,89,91,103,106,110,111,112,113, </key>
<key name="property"> 50,79, </key>
<key name="protect"> 26, </key>
<key name="protocol"> 113, </key>
<key name="provid"> 20,28,45,59,62,79,82,94,100,101,111, </key>
<key name="pst"> 82, </key>
<key name="pull"> 4,22,24,32, </key>
<key name="pur"> 64, </key>
<key name="purpos"> 41,66,96, </key>
<key name="put"> 0, </key>
<key name="question"> 32,40,82,88, </key>
<key name="queu"> 0,4,6,9,10,21,22,23,24,27,29,30,32,35,36,37,44,45,54,59,66,70,73,86,93,98,99, </key>
<key name="quick"> 12,89, </key>
<key name="quot"> 32, </key>
<key name="rat"> 105, </key>
<key name="rath"> 30, </key>
<key name="re"> 26, </key>
<key name="read"> 81,110, </key>
<key name="ready"> 103, </key>
<key name="real"> 26, </key>
<key name="realm"> 7,11,57,58,69,71, </key>
<key name="rearrang"> 23,54, </key>
<key name="reason"> 34,90,103, </key>
<key name="recent"> 40,105, </key>
<key name="recogniz"> 22, </key>
<key name="ref"> 77,87,96, </key>
<key name="referenc"> 22, </key>
<key name="refresh"> 16,19,30,51,61,79,95,105, </key>
<key name="regard"> 32, </key>
<key name="registration"> 3,76,91, </key>
<key name="regular"> 42, </key>
<key name="reject"> 45,72, </key>
<key name="rejection"> 45, </key>
<key name="relat"> 73,91,106, </key>
<key name="remov"> 20,23,33,37,42,48,49,51,52,54,56,57,58,61,84,85,86,95, </key>
<key name="renam"> 27,29,59, </key>
<key name="rep"> 88, </key>
<key name="repeat"> 9,10,24,29,30,42,95, </key>
<key name="replacement"> 34, </key>
<key name="repli"> 12, </key>
<key name="report"> 73,109,115, </key>
<key name="repositori"> 102, </key>
<key name="repository"> 102, </key>
<key name="request"> 4,6,17,21,22,24,32,34,39,45,56,57,58,59,62,70,72,88,93,98,109,115, </key>
<key name="requir"> 14,22,23,24,25,26,27,30,38,39,88,100, </key>
<key name="resourc"> 3,82,91,101, </key>
<key name="respond"> 82, </key>
<key name="respons"> 4,12,55,82,88, </key>
<key name="responsibiliti"> 6, </key>
<key name="restart"> 50,78,87,103, </key>
<key name="restor"> 20,44,60, </key>
<key name="restrict"> 26,95, </key>
<key name="result"> 79, </key>
<key name="retriev"> 24, </key>
<key name="return"> 22,54,107, </key>
<key name="retyp"> 16, </key>
<key name="revers"> 105, </key>
<key name="review"> 82, </key>
<key name="right"> 9,10,21,29,42,51,69,70,71, </key>
<key name="rol"> 26, </key>
<key name="room"> 1,4,26,34,44,46,47,48,49,53,67,95,111, </key>
<key name="root"> 102, </key>
<key name="rost"> 25,28,52,84, </key>
<key name="roster"> 25,28,52,84, </key>
<key name="rout"> 4,6,8,22,24,32,56,70,75, </key>
<key name="router"> 8,32,56,70, </key>
<key name="row"> 9,10,29,42,55,62,81,103, </key>
<key name="rul"> 4,6,8,22,24,32,56,70, </key>
<key name="run"> 41,72,87,88,104, </key>
<key name="s"> 1,4,6,16,22,24,35,42,47,48,51,52,55,59,61,62,64,66,72,79,81,89,114, </key>
<key name="sal"> 6, </key>
<key name="sam"> 9,30, </key>
<key name="sav"> 9,10,20,23,24,26,28,32,43,45,46,47,50,52,53,54,55,56,57,58,59,60,61,63,75,76,79,84,86,93,94,95,96,97,98,99,100,101,102, </key>
<key name="say"> 70, </key>
<key name="schedul"> 62,81,93, </key>
<key name="screen"> 7,8,9,10,11,12,13,14,15,16,19,20,21,22,23,24,25,26,27,28,29,30,32,33,34,35,36,37,41,42,43,44,45,46,47,48,49,50,51,52,53,54,55,56,57,58,59,60,61,62,63,65,69,70,71,72,75,77,78,79,81,84,85,86,89,90,93,94,95,96,97,98,99,100,101,102,103,107,108,109,111,112,113,114,115, </key>
<key name="script"> 39,87, </key>
<key name="scroll"> 7,8,9,10,11,20,21,42,44,51,60,64,79,86,98,115, </key>
<key name="se"> 4,22,26,29,64,69,71,79,88,104, </key>
<key name="search"> 15,32,64,82,89,102, </key>
<key name="second"> 43,45,59,62,99,105, </key>
<key name="section"> 7,8,11,20,21,26,28,43,44,53,59,63,69,70,71,75,76,77,84,98,99,109,115, </key>
<key name="secur"> 60, </key>
<key name="security"> 3,77,91,113, </key>
<key name="sel"> 6, </key>
<key name="select"> 7,11,12,13,15,20,21,22,23,24,26,28,32,42,45,46,48,51,53,57,58,59,60,62,63,69,70,71,75,76,77,84,86,93,94,95,97,98,99,100,101,105,109,115, </key>
<key name="send"> 20,21,38,82,88,90,92,96,100, </key>
<key name="sensitiv"> 82, </key>
<key name="sent"> 45,75, </key>

</ftswdata>  
