<?xml version='1.0' encoding='windows-1252' ?>
<ftswdata>
<key name="turnaround"> 34, </key>
<key name="typ"> 5,6,8,10,17,19,20,25,31,33,38,39,42,44,52,54, </key>
<key name="typical"> 34, </key>
<key name="unabl"> 34, </key>
<key name="uninstall"> 31, </key>
<key name="uniqu"> 46, </key>
<key name="unles"> 33, </key>
<key name="up"> 37, </key>
<key name="updat"> 6,20,48, </key>
<key name="upgrad"> 34, </key>
<key name="uptim"> 47, </key>
<key name="urgent"> 34, </key>
<key name="url"> 52, </key>
<key name="us"> 0,1,2,3,4,5,6,8,10,13,17,18,20,22,24,27,28,29,30,34,35,36,37,38,40,42,46,49,52,54, </key>
<key name="user"> 0,1,3,4,5,6,8,10,11,18,20,21,22,24,27,30,34,35,36,38,39,42,43,49, </key>
<key name="usernam"> 4,5,24,38,45, </key>
<key name="valu"> 33,46, </key>
<key name="ve"> 3, </key>
<key name="vendor"> 54, </key>
<key name="verify"> 4, </key>
<key name="version"> 13,34,52,54, </key>
<key name="view"> 25,28,29,31,32,40,41,44,48,49,50,51,52,53,54, </key>
<key name="viewabl"> 52, </key>
<key name="want"> 5,12,16,17,25,36,45,48, </key>
<key name="warn"> 48, </key>
<key name="web"> 1,26, </key>
<key name="websit"> 27,34, </key>
<key name="well"> 34, </key>
<key name="what"> 25,33, </key>
<key name="wheth"> 9,42,45,52, </key>
<key name="will"> 10,19,25,33,34,37, </key>
<key name="window"> 25,37, </key>
<key name="within"> 25,34, </key>
<key name="word"> 25, </key>
<key name="www"> 34, </key>
<key name="xmpp"> 1,40,44,46, </key>
<key name="your"> 0,1,4,25,26,27,30,31,34,45,52, </key>
<key name="zon"> 54, </key>

</ftswdata>  
