<?xml version='1.0' encoding='windows-1252' ?>
<ftswdata>
<key name="2"> 38,39, </key>
<key name="3"> 30,38,39, </key>
<key name="4"> 24, </key>
<key name="5"> 30, </key>
<key name="8"> 22,24, </key>
<key name="ability"> 26, </key>
<key name="abl"> 35,45, </key>
<key name="accept"> 45,59,62,88,93,115, </key>
<key name="acces"> 26,63,79,82, </key>
<key name="accessibl"> 12,65,79, </key>
<key name="accompani"> 4,44, </key>
<key name="accompany"> 96, </key>
<key name="accord"> 93, </key>
<key name="account"> 66,67,76,88,96,100,104, </key>
<key name="acros"> 115, </key>
<key name="action"> 22,36,72, </key>
<key name="activ"> 19,82,92,107,108,114, </key>
<key name="activation"> 63, </key>
<key name="activity"> 73, </key>
<key name="actual"> 6,109, </key>
<key name="ad"> 0,9,10,12,24,29,30,42,51,72,95, </key>
<key name="add"> 0,7,8,9,10,11,12,13,14,21,22,23,24,25,27,29,30,42,48,49,51,52,59,61,66,69,77,79,83,95, </key>
<key name="additional"> 40, </key>
<key name="addres"> 14,15,29,34,39,61,94,96,100,109,113, </key>
<key name="admin"> 1,2,3,16,19,41,42,51,60,65,79,88,96,103, </key>
<key name="administ"> 2, </key>
<key name="administration"> 1,26,34,47,48,67,111, </key>
<key name="administrativ"> 66,90,92, </key>
<key name="administrator"> 2,16,30,34,42,48,49,51,67, </key>
<key name="advanc"> 15,89, </key>
<key name="again"> 45,87, </key>
<key name="agent"> 0,2,4,5,6,9,10,12,16,21,27,29,30,35,37,38,39,41,42,45,59,62,66,73,82,83,86,88,104,109,112,114, </key>
<key name="agreement"> 82, </key>
<key name="alert"> 90, </key>
<key name="algorithm"> 21,59, </key>
<key name="alia"> 28,77, </key>
<key name="allow"> 0,26,45,62,76,95,97,101, </key>
<key name="along"> 20, </key>
<key name="already"> 23,93,98, </key>
<key name="alternat"> 34, </key>
<key name="alway"> 27, </key>
<key name="amount"> 45,53, </key>
<key name="anonymou"> 76, </key>
<key name="anoth"> 14,24,30,34,35,37,103, </key>
<key name="answ"> 22,82, </key>
<key name="answer"> 6, </key>
<key name="any"> 20,21,22,23,33,37,40,44,82,85,93,95,109, </key>
<key name="anyon"> 26,95, </key>
<key name="anyth"> 79, </key>
<key name="ap"> 4,7,11,22,24,32,45,57,58,69,71,93, </key>
<key name="appear"> 23,39,42,54, </key>
<key name="appli"> 56,57,58,102, </key>
<key name="applicabl"> 12, </key>
<key name="application"> 2,38,39,40,73,88,104,113, </key>
<key name="appropriat"> 32,82, </key>
<key name="appserv"> 113, </key>
<key name="around"> 65, </key>
<key name="arrang"> 25, </key>
<key name="arrow"> 23,54,56,57,58, </key>
<key name="assign"> 0,6,24,37,66,101, </key>
<key name="assistanc"> 112, </key>
<key name="assistant"> 2,3,4,5,7,8,9,10,11,12,13,20,21,22,23,24,27,29,30,32,35,36,37,38,39,41,42,44,45,54,55,56,57,58,59,62,63,65,66,69,70,71,73,74,81,86,87,88,91,93,94,96,98,102,104,109,112,114,115, </key>
<key name="associat"> 4,6,20,26,27,36,44,64,109, </key>
<key name="attempt"> 101, </key>
<key name="audit"> 3,91,99, </key>
<key name="automatical"> 4,6,27,29,38,39,41,76,88, </key>
<key name="availabl"> 6,12,21,44,46,69,70,71,82,113, </key>
<key name="averag"> 115, </key>
<key name="b"> 12,29,42,48,55,60,64,68,77,79,94,95,99, </key>
<key name="back"> 9,10,61,88,107, </key>
<key name="bas"> 1,2,82,102, </key>
<key name="basi"> 37, </key>
<key name="basic"> 88, </key>
<key name="bat"> 87, </key>
<key name="batch"> 4,43, </key>
<key name="be"> 40,113, </key>
<key name="befor"> 20,35,45,72,101, </key>
<key name="begin"> 38,39,109,115, </key>
<key name="belong"> 37,88,98, </key>
<key name="below"> 65, </key>
<key name="besid"> 88, </key>
<key name="best"> 21, </key>
<key name="beyond"> 82, </key>
<key name="body"> 12, </key>
<key name="bold"> 39, </key>
<key name="book"> 64, </key>
<key name="bookmark"> 97, </key>
<key name="both"> 3,88, </key>
<key name="bottom"> 13,20,25,42,44,51,59,60,79,98, </key>
<key name="box"> 7,11,15,19,21,22,37,42,45,51,64,69,70,71,80,88,100, </key>
<key name="brief"> 88, </key>
<key name="broadcast"> 26, </key>
<key name="brows"> 9,10,13,29,38,39,41,42,64,65, </key>
<key name="buddy"> 5, </key>
<key name="build"> 22,23,54, </key>
<key name="built"> 66, </key>
<key name="bullet"> 68, </key>
<key name="bundl"> 104, </key>
<key name="busines"> 6,82, </key>
<key name="button"> 7,8,9,10,11,12,13,14,15,16,19,20,21,22,23,24,25,26,27,28,29,30,32,33,34,35,36,37,39,42,43,44,45,46,47,48,49,50,51,52,53,54,55,56,57,58,59,60,61,62,63,64,69,70,71,75,76,77,78,79,81,84,85,86,88,89,90,93,94,95,96,97,98,99,100,101,102,103,105,107,109,115, </key>
<key name="c"> 12,29,42,48,55,68,77,94,95,99, </key>
<key name="calendar"> 62, </key>
<key name="caller"> 6, </key>
<key name="cam"> 88, </key>
<key name="can"> 12,55, </key>
<key name="cancel"> 45,115, </key>
<key name="categori"> 55, </key>
<key name="category"> 12,55, </key>
<key name="caus"> 22, </key>
<key name="caution"> 68,79, </key>
<key name="certain"> 28,53, </key>
<key name="certificat"> 77, </key>
<key name="chang"> 3,4,13,14,16,20,23,26,40,42,45,47,50,52,54,55,56,57,58,59,60,61,62,67,73,76,79,81,91,94,96,100,102,105,106, </key>
<key name="chat"> 1,4,6,12,17,21,22,26,32,34,39,41,43,44,45,46,47,48,49,50,53,56,57,58,62,67,72,73,88,91,93,95,96,98,104,109,111,114,115, </key>
<key name="chatbot"> 20,63, </key>
<key name="check"> 15,22,42,45,51,88,100, </key>
<key name="choic"> 22, </key>
<key name="choos"> 109,115, </key>
<key name="clas"> 7,8,11,21, </key>
<key name="clear"> 42,45,105, </key>
<key name="click"> 7,8,9,10,11,12,13,14,15,16,19,20,21,22,23,24,25,26,27,28,29,30,32,33,34,35,36,37,39,41,42,43,44,45,46,47,48,49,50,51,52,53,54,55,56,57,58,59,60,61,62,63,64,65,69,70,71,75,76,77,78,79,81,84,85,86,88,89,90,93,94,95,96,97,98,99,100,101,102,103,105,107,108,109,110,111,112,113,114,115, </key>
<key name="client"> 2,4,13,18,19,20,22,23,32,39,54,76,88,104,107,108,116, </key>
<key name="clos"> 4,9,10,14,19,29,42,64,81,88,93,94,103, </key>
<key name="clust"> 6, </key>
<key name="cluster"> 0, </key>
<key name="cod"> 7,8,11,39,69,71, </key>
<key name="collect"> 43, </key>
<key name="collection"> 5, </key>
<key name="column"> 19,20,23,33,34,35,36,37,42,47,48,49,51,54,55,56,57,58,70,77,78,85,95,107,108,109,114, </key>
<key name="com"> 13,38,39,66,82, </key>
<key name="combin"> 3, </key>
<key name="common"> 0,82, </key>
<key name="communicat"> 1, </key>
<key name="community"> 82, </key>
<key name="company"> 6,112, </key>
<key name="complet"> 22, </key>
<key name="component"> 104, </key>
<key name="comput"> 22,41, </key>
<key name="computer"> 41, </key>
<key name="configur"> 7,11,20,21,63,70,71,77, </key>
<key name="configuration"> 20,63,79, </key>
<key name="confirm"> 16,26,30,35,61,79, </key>
<key name="confirmation"> 14,19,25,29,36,37,85,103, </key>
<key name="conflict"> 3,101, </key>
<key name="connection"> 19,100,101,110, </key>
<key name="consist"> 3, </key>
<key name="consol"> 1,2,3,12,16,19,41,60,65,79,88,96,103,104, </key>
<key name="contact"> 5,28,33,82,85, </key>
<key name="contain"> 1,32,64,82, </key>
<key name="content"> 64, </key>
<key name="contract"> 82, </key>
<key name="control"> 2,3,46,96, </key>
<key name="conversation"> 1,26,43,46, </key>
<key name="cooki"> 22, </key>
<key name="copi"> 112, </key>
<key name="copy"> 38,39, </key>
<key name="correct"> 88, </key>
<key name="correspond"> 52,62,75,99,100,109,115, </key>
<key name="could"> 6,32, </key>
<key name="cov"> 109,115, </key>
<key name="creat"> 4,6,10,12,14,22,23,24,25,26,27,28,29,30,35,39,66,67,73,76,95,106, </key>
<key name="creation"> 1,27,67,95,112, </key>
<key name="credential"> 88, </key>
<key name="current"> 13,20,22,24,32,41,56,57,58,69,70,71,72,75,90,112,114, </key>
<key name="custom"> 4,6,7,8,11,22,59,62,115, </key>
<key name="customer"> 4,39,94,96, </key>
<key name="customiz"> 4,23,44,54,104, </key>
<key name="customization"> 40, </key>
<key name="d"> 12,42,69,71,77,94,95,99, </key>
<key name="dat"> 109,112,113,115, </key>
<key name="data"> 3,22,24,91,97,99,105,115, </key>
<key name="databas"> 40,43,91,110, </key>
<key name="day"> 82,93, </key>
<key name="debug"> 100,105, </key>
<key name="decid"> 21, </key>
<key name="default"> 4,6,13,20,23,24,27,29,31,44,60,62,66,104, </key>
<key name="defin"> 6,32,70,82, </key>
<key name="delet"> 6,20,23,33,34,35,36,37,41,48,54,55,56,57,58,67,78,79,85,86,88,95,106, </key>
<key name="deletion"> 35, </key>
<key name="demo"> 39,41,88,104, </key>
<key name="depend"> 82,87, </key>
<key name="deploy"> 38,39,40,88,104, </key>
<key name="deployment"> 104, </key>
<key name="depth"> 77, </key>
<key name="describ"> 82, </key>
<key name="description"> 21,22,24,25,26,27,29,30,52,59,62,69,70,71, </key>
<key name="designat"> 30,42,48,51, </key>
<key name="desir"> 7,9,10,11,13,14,19,22,23,24,25,26,29,32,33,34,35,36,39,42,44,45,47,52,54,55,56,57,58,59,60,61,64,86,89,95,100,104,109,115, </key>
<key name="desk"> 63, </key>
<key name="desktop"> 88, </key>

</ftswdata>  
