<?xml version='1.0' encoding='windows-1252' ?>
<ftswdata>
<key name="ability"> 9, </key>
<key name="abl"> 34, </key>
<key name="acces"> 9,33,34, </key>
<key name="accessibl"> 26,33, </key>
<key name="account"> 3,4,27,28,30,45,46, </key>
<key name="activ"> 7,34,41,50,51, </key>
<key name="ad"> 20,42, </key>
<key name="add"> 4,8,17,18,20,21,24,27,31,33,42, </key>
<key name="additional"> 13, </key>
<key name="addres"> 4,5,12,24,45,54, </key>
<key name="admin"> 0,1,2,6,7,20,23,26,33,47, </key>
<key name="administration"> 0,9,12,16,17,28,53, </key>
<key name="administrativ"> 27,39,41, </key>
<key name="administrator"> 6,12,17,18,20,28, </key>
<key name="advanc"> 5,38, </key>
<key name="again"> 37, </key>
<key name="agent"> 34, </key>
<key name="agreement"> 34, </key>
<key name="alert"> 39, </key>
<key name="alia"> 10,31, </key>
<key name="allow"> 4,9,30,42,43,46, </key>
<key name="already"> 46, </key>
<key name="alternat"> 12, </key>
<key name="amount"> 22, </key>
<key name="anonymou"> 30, </key>
<key name="anoth"> 4,12,47, </key>
<key name="answ"> 34, </key>
<key name="any"> 4,11,13,34,36,40,42, </key>
<key name="anyon"> 9,42, </key>
<key name="anyth"> 33, </key>
<key name="application"> 13,54, </key>
<key name="appropriat"> 34, </key>
<key name="appserv"> 54, </key>
<key name="around"> 26, </key>
<key name="arrang"> 8, </key>
<key name="assign"> 3,46, </key>
<key name="associat"> 9,25, </key>
<key name="attempt"> 46, </key>
<key name="audit"> 2,40,44, </key>
<key name="authentication"> 3, </key>
<key name="automatical"> 30, </key>
<key name="availabl"> 3,15,34,54, </key>
<key name="b"> 17,23,25,31,33,42,44, </key>
<key name="back"> 24,50, </key>
<key name="bas"> 0,1,34, </key>
<key name="bat"> 37, </key>
<key name="batch"> 14, </key>
<key name="be"> 13,54, </key>
<key name="befor"> 46, </key>
<key name="begin"> 27, </key>
<key name="below"> 26, </key>
<key name="best"> 27, </key>
<key name="beyond"> 34, </key>
<key name="book"> 25, </key>
<key name="bookmark"> 43, </key>
<key name="bottom"> 8,20,23,33, </key>
<key name="box"> 5,7,20,25,45, </key>
<key name="broadcast"> 9, </key>
<key name="brows"> 25,26, </key>
<key name="built"> 27, </key>
<key name="busines"> 34, </key>
<key name="button"> 4,5,6,7,8,9,10,11,12,14,15,16,17,18,19,20,21,22,23,24,25,29,30,31,32,33,35,36,38,39,42,43,44,45,46,47,48,50, </key>
<key name="c"> 17,31,42,44, </key>
<key name="caution"> 33, </key>
<key name="certain"> 10,22, </key>
<key name="certificat"> 31, </key>
<key name="chang"> 2,4,6,9,13,16,19,21,23,24,28,30,33,40,45,48,49, </key>
<key name="chat"> 0,1,9,12,14,15,16,17,18,19,22,28,40,42,53, </key>
<key name="check"> 5,20,45, </key>
<key name="clear"> 48, </key>
<key name="click"> 4,5,6,7,8,9,10,11,12,14,15,16,17,18,19,20,21,22,23,24,25,26,29,30,31,32,33,35,36,38,39,42,43,44,45,46,47,48,50,51,52,53,54, </key>
<key name="client"> 7,27,30,50,51, </key>
<key name="clos"> 4,7,25,47, </key>
<key name="collect"> 14, </key>
<key name="collection"> 3, </key>
<key name="column"> 7,11,12,16,17,18,20,31,32,36,42,50,51, </key>
<key name="com"> 27,34, </key>
<key name="common"> 34, </key>
<key name="communicat"> 0, </key>
<key name="community"> 34, </key>
<key name="comprehensiv"> 1, </key>
<key name="configur"> 31, </key>
<key name="configuration"> 33, </key>
<key name="confirm"> 6,9,24,33, </key>
<key name="confirmation"> 4,7,8,36,47, </key>
<key name="conflict"> 2,46, </key>
<key name="connection"> 7,27,45,46,52, </key>
<key name="consol"> 0,1,2,6,7,23,26,33,47, </key>
<key name="contact"> 3,10,11,34,36, </key>
<key name="contain"> 0,25,34, </key>
<key name="content"> 25, </key>
<key name="contract"> 34, </key>
<key name="control"> 1,15, </key>
<key name="conversation"> 0,9,14,15, </key>
<key name="correspond"> 21,29,44,45, </key>
<key name="creat"> 1,3,4,8,9,10,27,28,30,42,49, </key>
<key name="creation"> 0,28,42, </key>
<key name="current"> 29,39, </key>
<key name="customization"> 13, </key>
<key name="d"> 31,42,44, </key>
<key name="dat"> 54, </key>
<key name="data"> 2,40,43,44,48, </key>
<key name="databas"> 13,14,40,52, </key>
<key name="day"> 34, </key>
<key name="debug"> 45,48, </key>
<key name="decid"> 46, </key>
<key name="default"> 23,27, </key>
<key name="defin"> 34, </key>
<key name="delet"> 11,12,17,28,32,33,36,42,49, </key>
<key name="depend"> 34,37, </key>
<key name="deploy"> 13, </key>
<key name="depth"> 31, </key>
<key name="describ"> 34, </key>
<key name="description"> 8,9,21,34, </key>
<key name="designat"> 17,20, </key>
<key name="desir"> 4,7,8,9,11,12,16,21,23,24,25,38,42,45, </key>
<key name="destroy"> 12,53, </key>
<key name="detail"> 13,34,41,50,51, </key>
<key name="determin"> 22,29,42,46, </key>
<key name="dialog"> 7, </key>
<key name="directory"> 54, </key>
<key name="disabl"> 23,30,35,43,44, </key>
<key name="discov"> 9, </key>
<key name="discussion"> 9,34, </key>
<key name="display"> 4,6,7,8,9,10,11,12,14,15,16,17,18,19,20,21,22,24,25,29,31,32,35,36,38,39,42,43,44,45,47,48,50,51, </key>
<key name="do"> 34, </key>
<key name="documentation"> 31,34, </key>
<key name="domain"> 54, </key>
<key name="doubl"> 25, </key>
<key name="down"> 9,17,31,39,48, </key>
<key name="driv"> 52, </key>
<key name="drop"> 9,17,31,48, </key>
<key name="e"> 42, </key>
<key name="easi"> 8, </key>
<key name="easy"> 3,33, </key>
<key name="edit"> 8,10,14,15,16,17,18,19,20,21,22,23,24,28,33,35,40,53, </key>
<key name="edition"> 13,34, </key>
<key name="effect"> 19, </key>
<key name="eith"> 37,44, </key>
<key name="elect"> 4, </key>
<key name="email"> 4,5,24,34,45,49, </key>
<key name="enabl"> 10,23,30,43,44,45,48, </key>
<key name="encounter"> 34, </key>
<key name="end"> 47, </key>
<key name="engineer"> 34, </key>
<key name="enhanc"> 32, </key>
<key name="ent"> 4,8,9,12,14,15,18,22,25,29,44,45,46, </key>
<key name="enterpris"> 34, </key>
<key name="entri"> 48, </key>
<key name="entry"> 48, </key>
<key name="environment"> 13,54, </key>
<key name="error"> 40,48, </key>
<key name="etc"> 49, </key>
<key name="exampl"> 8,26, </key>
<key name="except"> 16, </key>
<key name="exclud"> 34, </key>
<key name="executabl"> 37, </key>
<key name="expand"> 5, </key>
<key name="expect"> 34, </key>
<key name="experienc"> 34, </key>
<key name="expert"> 34, </key>
<key name="explain"> 37, </key>
<key name="external"> 3, </key>
<key name="featur"> 5,38,43, </key>
<key name="field"> 4,5,6,8,9,10,12,14,15,17,18,19,20,21,22,29,31,33,38,39,42,44,45,46,48, </key>
<key name="fil"> 37,44, </key>
<key name="find"> 5,25,34, </key>
<key name="first"> 34,42,48, </key>
<key name="flush"> 14, </key>
<key name="follow"> 4,9,10,25,30, </key>
<key name="forc"> 8, </key>
<key name="forum"> 34, </key>
<key name="four"> 48, </key>
<key name="frequent"> 14,34, </key>
<key name="friday"> 34, </key>
<key name="functionality"> 32, </key>
<key name="get"> 14,26,27,34, </key>
<key name="go"> 12,25, </key>
<key name="govern"> 0,14,28, </key>
<key name="group"> 0,1,3,4,5,6,8,9,10,11,12,14,15,16,17,18,19,20,21,22,24,27,28,35,36,38,42,49,53, </key>
<key name="groupchat"> 1, </key>
<key name="guid"> 31,37, </key>
<key name="handl"> 46, </key>
<key name="help"> 25,34, </key>
<key name="helpful"> 13, </key>
<key name="hid"> 25, </key>
<key name="histori"> 0, </key>
<key name="history"> 15,28, </key>
<key name="holiday"> 34, </key>
<key name="hom"> 54, </key>
<key name="host"> 31,45,51, </key>
<key name="hour"> 34, </key>
<key name="how"> 10,14,15,29,37,44,46, </key>
<key name="html"> 25, </key>
<key name="http"> 34, </key>
<key name="icon"> 25, </key>
<key name="id"> 9,16, </key>
<key name="idl"> 22,28, </key>
<key name="if"> 4,8,12,13,15,21,22,25,29,34,37,38,39,44,45,46, </key>
<key name="im"> 1,6,29, </key>
<key name="important"> 33, </key>
<key name="inband"> 30, </key>
<key name="includ"> 3,13,31, </key>
<key name="index"> 25, </key>
<key name="info"> 48, </key>
<key name="information"> 4,13,23,25,28,31,34,37,41,45,48, </key>
<key name="initial"> 8, </key>
<key name="instal"> 31,37, </key>
<key name="install"> 31,37, </key>
<key name="installation"> 4,31,37, </key>
<key name="instanc"> 14, </key>
<key name="instant"> 1, </key>
<key name="instruction"> 9,10,20,35,45, </key>
<key name="integrat"> 3,34, </key>
<key name="interval"> 14, </key>
<key name="ip"> 45,54, </key>
<key name="isolation"> 52, </key>
<key name="issu"> 13,34, </key>
<key name="jab"> 27, </key>
<key name="java"> 13,54, </key>
<key name="jdbc"> 52, </key>
<key name="jid"> 9,17,18,42, </key>
<key name="jiv"> 1,3,13,27,31,32,34,37, </key>
<key name="jivesoftwar"> 34, </key>
<key name="jvm"> 54, </key>
<key name="keep"> 4, </key>
<key name="keyboard"> 25, </key>
<key name="keyword"> 25, </key>
<key name="kick"> 22,46, </key>
<key name="know"> 33, </key>
<key name="knowledg"> 34, </key>
<key name="known"> 3, </key>
<key name="languag"> 23, </key>
<key name="last"> 48,54, </key>
<key name="launch"> 37, </key>
<key name="ldap"> 3, </key>

</ftswdata>  
