<?xml version='1.0' encoding='windows-1252' ?>
<ftswdata>
<key name="destroy"> 34,111, </key>
<key name="detail"> 30,40,73,82,92,96,107,108,109,112, </key>
<key name="determin"> 53,75,95,101, </key>
<key name="devot"> 6, </key>
<key name="dialog"> 19,37, </key>
<key name="different"> 4,30,39, </key>
<key name="directori"> 102, </key>
<key name="directory"> 38,39,113, </key>
<key name="disabl"> 20,60,63,76,84,97,99, </key>
<key name="discov"> 26, </key>
<key name="discussion"> 26, </key>
<key name="dispatch"> 21,59, </key>
<key name="dispens"> 12, </key>
<key name="display"> 7,9,10,11,12,13,14,16,19,20,21,22,23,24,25,26,27,28,29,32,33,34,35,37,41,42,43,44,45,46,47,48,49,50,51,52,53,54,55,56,57,58,61,62,63,64,69,70,71,75,77,78,81,84,85,86,89,90,94,95,96,97,98,99,100,102,103,105,107,108,109,112,114,115, </key>
<key name="distinction"> 5, </key>
<key name="do"> 56,57,58,82, </key>
<key name="document"> 102, </key>
<key name="documentation"> 77, </key>
<key name="domain"> 113, </key>
<key name="don"> 6,9,10,29,35,42,69,71, </key>
<key name="doubl"> 64, </key>
<key name="down"> 7,8,9,10,11,20,21,22,23,26,44,48,54,56,57,58,59,69,71,77,86,90,93,98,105,115, </key>
<key name="download"> 38,41,66,73,104, </key>
<key name="driv"> 110, </key>
<key name="drop"> 7,11,22,26,48,57,58,59,69,71,77,93,98,105, </key>
<key name="e"> 12,22,95, </key>
<key name="easi"> 25, </key>
<key name="easy"> 79, </key>
<key name="edit"> 4,12,23,25,28,32,42,43,44,45,46,47,48,49,50,51,52,53,54,55,56,57,58,59,60,61,62,67,73,79,84,91,111, </key>
<key name="edition"> 40,82, </key>
<key name="effect"> 50, </key>
<key name="eith"> 35,72,87,99, </key>
<key name="element"> 22,54, </key>
<key name="elsewher"> 70, </key>
<key name="email"> 4,14,15,44,61,82,94,96,100,106,109, </key>
<key name="enabl"> 4,20,24,28,32,60,63,72,76,81,97,99,100,105, </key>
<key name="encounter"> 82, </key>
<key name="end"> 39,55,88,103,109,115, </key>
<key name="engineer"> 82, </key>
<key name="enhanc"> 78, </key>
<key name="ent"> 7,8,11,12,14,21,22,24,25,26,34,43,45,46,49,53,59,62,64,75,94,96,99,100,101, </key>
<key name="enter"> 22, </key>
<key name="enterpris"> 82, </key>
<key name="entity"> 0, </key>
<key name="entri"> 105, </key>
<key name="entry"> 22,105, </key>
<key name="environment"> 40,113, </key>
<key name="equivalent"> 39, </key>
<key name="error"> 105, </key>
<key name="especial"> 9, </key>
<key name="etc"> 22,106, </key>
<key name="event"> 20, </key>
<key name="ex"> 38,41, </key>
<key name="examin"> 32,70, </key>
<key name="exampl"> 0,6,12,25,32,38,39,65,96, </key>
<key name="except"> 39,47, </key>
<key name="exclud"> 82, </key>
<key name="executabl"> 87, </key>
<key name="exist"> 20,41, </key>
<key name="expand"> 15,32, </key>
<key name="expect"> 82, </key>
<key name="experienc"> 82, </key>
<key name="expert"> 82, </key>
<key name="expir"> 45, </key>
<key name="expiration"> 112, </key>
<key name="explain"> 42,87, </key>
<key name="featur"> 4,15,89,97, </key>
<key name="field"> 4,7,8,9,10,11,12,13,14,15,16,20,21,22,23,24,25,26,27,28,29,30,32,34,42,43,44,45,46,48,49,50,51,52,53,54,55,59,62,75,77,79,86,88,89,90,93,94,95,96,99,100,101,102,105,109,115, </key>
<key name="fil"> 38,39,41,87,99, </key>
<key name="fill"> 88, </key>
<key name="find"> 15,64,82, </key>
<key name="finish"> 22,23,24,59, </key>
<key name="first"> 39,41,66,82,88,95,104,105, </key>
<key name="fit"> 104, </key>
<key name="flush"> 43, </key>
<key name="follow"> 14,26,28,38,39,63,64,66,70,76,82,93, </key>
<key name="forc"> 25, </key>
<key name="form"> 4,44, </key>
<key name="forum"> 82,102, </key>
<key name="four"> 105, </key>
<key name="frequent"> 12,43,82, </key>
<key name="friday"> 82, </key>
<key name="function"> 5, </key>
<key name="functionality"> 78, </key>
<key name="gather"> 4, </key>
<key name="general"> 5, </key>
<key name="get"> 43,65,66,82,104, </key>
<key name="giv"> 9, </key>
<key name="given"> 21, </key>
<key name="global"> 7,12,21,45,58,69,73, </key>
<key name="go"> 30,34,63,64, </key>
<key name="goal"> 0,5, </key>
<key name="govern"> 1,43,67, </key>
<key name="great"> 38,39, </key>
<key name="greeting"> 12, </key>
<key name="group"> 0,1,5,9,10,14,15,16,25,26,27,28,30,33,34,37,42,43,46,47,48,49,50,51,52,53,59,61,66,67,73,84,85,86,89,95,96,106,111, </key>
<key name="guid"> 77,87, </key>
<key name="half"> 88, </key>
<key name="handl"> 32,98,101, </key>
<key name="hav"> 0,63,114, </key>
<key name="head"> 96, </key>
<key name="help"> 4,6,44,63,64,82,88, </key>
<key name="helpful"> 40, </key>
<key name="hid"> 64, </key>
<key name="histori"> 1, </key>
<key name="historical"> 115, </key>
<key name="history"> 46,67, </key>
<key name="hold"> 6,68,112, </key>
<key name="holiday"> 82, </key>
<key name="hom"> 113, </key>
<key name="host"> 41,77,88,100,108, </key>
<key name="hour"> 29,82,93, </key>
<key name="hous"> 63, </key>
<key name="how"> 28,42,43,46,75,87,88,98,99,101,104, </key>
<key name="html"> 4,39,64, </key>
<key name="http"> 38,39, </key>
<key name="i"> 22, </key>
<key name="icon"> 39,62,64, </key>
<key name="id"> 26,47,109, </key>
<key name="identify"> 24, </key>
<key name="idl"> 20,53,67, </key>
<key name="if"> 0,7,9,10,11,12,13,14,22,23,25,29,32,34,35,39,40,45,46,52,53,54,59,64,66,69,70,71,75,81,82,87,88,89,90,98,99,100,101,102,104,109, </key>
<key name="im"> 5,16,75, </key>
<key name="imag"> 4,12,13,23,39,54, </key>
<key name="immediate"> 35,55, </key>
<key name="important"> 68,79, </key>
<key name="inband"> 76, </key>
<key name="includ"> 22,40,77,88,112, </key>
<key name="incom"> 6,56,57,58,70,72, </key>
<key name="index"> 64, </key>
<key name="individual"> 0,9,30,37,45,58,114, </key>
<key name="info"> 105, </key>
<key name="information"> 4,12,14,22,32,40,54,56,57,58,60,64,67,70,77,82,87,92,100,105,115, </key>
<key name="initial"> 25,29,104, </key>
<key name="initiat"> 4,22,88, </key>
<key name="input"> 4,22,44, </key>
<key name="inquiri"> 6, </key>
<key name="insert"> 39, </key>
<key name="instal"> 32,38,39,41,56,57,58,66,77,87,88,104, </key>
<key name="install"> 7,11,21,38,39,41,69,70,71,77,87,104, </key>
<key name="installation"> 14,38,39,41,69,70,71,77,87,88,102,104, </key>
<key name="instanc"> 43, </key>
<key name="instead"> 9,38,39, </key>
<key name="instruction"> 20,23,26,28,32,38,39,42,51,84,86,100, </key>
<key name="integrat"> 82,102, </key>
<key name="interact"> 4, </key>
<key name="interceptor"> 7,11,57,58,69,71,72, </key>
<key name="internal"> 22,63,70, </key>
<key name="interval"> 43, </key>
<key name="ip"> 100,113, </key>
<key name="isolation"> 110, </key>
<key name="issu"> 40,82, </key>
<key name="item"> 22, </key>
<key name="java"> 7,8,11,21,40,113, </key>
<key name="javascript"> 39, </key>
<key name="jdbc"> 110, </key>
<key name="jid"> 26,48,49,95, </key>
<key name="jiv"> 3,38,39,40,41,77,82,102, </key>
<key name="jiveliv"> 39, </key>
<key name="jivesoftwar"> 82, </key>
<key name="jsp"> 39, </key>
<key name="just"> 41,66, </key>
<key name="jvm"> 113, </key>
<key name="keep"> 14, </key>
<key name="key"> 32,86, </key>
<key name="keyboard"> 64, </key>
<key name="keyword"> 32,64, </key>
<key name="kick"> 53,93,101, </key>
<key name="know"> 79,88, </key>
<key name="knowledg"> 82,102, </key>
<key name="label"> 22, </key>
<key name="languag"> 39,60, </key>
<key name="last"> 22,45,105,113, </key>
<key name="launch"> 87, </key>
<key name="learn"> 65, </key>
<key name="least"> 6,27,35, </key>
<key name="left"> 21,69,70,71,88, </key>
<key name="les"> 82, </key>
<key name="let"> 1,25,30,64, </key>
<key name="level"> 45,48,58,82,110, </key>
<key name="licens"> 82,112, </key>
<key name="lik"> 13,29,39,69,71,88, </key>
<key name="limit"> 26,59,62,75, </key>
<key name="lin"> 94,105, </key>
<key name="link"> 9,10,12,15,23,29,38,41,55,65,66,73,88,109,114, </key>
<key name="list"> 5,12,19,20,22,23,26,28,29,32,33,35,37,42,48,49,55,56,57,58,59,64,69,70,71,72,75,77,85,89,92,93,95,98,105,107,108,111,114, </key>
<key name="liv"> 2,3,4,5,7,8,9,10,11,12,13,20,21,22,23,24,27,29,30,32,35,36,37,38,39,41,42,44,45,54,55,56,57,58,59,62,63,65,66,69,70,71,73,74,81,86,87,88,91,93,94,96,98,102,104,109,112,114,115, </key>
<key name="live_assistant_agent"> 38,41, </key>
<key name="ll"> 14,41,88,103,104, </key>
<key name="local"> 41,60,88,113, </key>
<key name="locat"> 38,39,89, </key>
<key name="log"> 6,26,35,40,41,43,75,88,91,105,110, </key>
<key name="login"> 3,76,91,101, </key>
<key name="long"> 41,89, </key>
<key name="look"> 70, </key>
<key name="low"> 88, </key>
<key name="mail"> 100, </key>
<key name="main"> 65,67,73,91,92,106, </key>
<key name="maintenanc"> 103, </key>
<key name="mak"> 5,22,25,47,52,55,88, </key>
<key name="manag"> 1,2,3,6,9,10,28,29,60,67,73,75,76,77,78,79,86,91,98,100,105,106,110, </key>
<key name="management"> 25, </key>
<key name="manual"> 81, </key>
<key name="mark"> 32,105, </key>
<key name="maximum"> 26,45,62,98,99, </key>
<key name="memb"> 51, </key>
<key name="member"> 12,25,28,42,48,51,52,80, </key>

</ftswdata>  
