<?xml version='1.0' encoding='windows-1252' ?>
<ftswdata>
<key name="serv"> 2,3,19,22,24,38,39,40,41,43,50,60,62,65,66,75,76,77,78,79,87,88,90,91,94,96,97,99,100,101,103,104,105,107,108,110,113, </key>
<key name="server"> 38,39, </key>
<key name="servic"> 1,49,50,67,82,87, </key>
<key name="servlet"> 38,39, </key>
<key name="session"> 4,12,19,20,22,24,39,41,45,62,73,88,90,92,96,104,107,108,109, </key>
<key name="set"> 2,3,6,10,14,22,29,39,41,43,59,62,66,67,81,87,88,91,93,94,95,96,97,98,99,100,101,105,110, </key>
<key name="setting"> 1,2,3,7,8,9,10,11,12,13,20,21,22,23,24,27,28,35,43,44,45,46,47,49,52,53,54,55,56,57,58,59,60,63,66,67,69,70,71,73,75,76,77,79,84,86,91,93,94,95,96,97,98,99,100,101,102,103,106,111,113, </key>
<key name="setup"> 31,38,39,41,77,104, </key>
<key name="sh"> 87, </key>
<key name="shar"> 5,25,28,52,84, </key>
<key name="short"> 28,82, </key>
<key name="should"> 9,10,23,43,69,70,71,88,93,100, </key>
<key name="show"> 14,15,27,28,41,46,51,54,69,70,71,72,94,114,115, </key>
<key name="showchatbutton"> 39, </key>
<key name="shown"> 23,39,54,101, </key>
<key name="shut"> 90, </key>
<key name="sidebar"> 7,8,9,10,11,12,13,14,15,16,20,21,22,23,24,25,26,27,28,29,30,33,34,35,37,41,42,43,44,45,46,47,48,49,51,52,53,54,55,56,57,58,59,60,63,69,70,71,75,76,77,78,79,84,86,88,89,90,93,94,95,96,97,98,99,100,101,102,105,108,109,110,111,112,115, </key>
<key name="simp"> 0, </key>
<key name="singl"> 0, </key>
<key name="siz"> 43,75,99, </key>
<key name="smtp"> 94,96,100, </key>
<key name="snippet"> 39, </key>
<key name="so"> 6,22,32,102,104, </key>
<key name="softwar"> 40,82, </key>
<key name="solution"> 82, </key>
<key name="someth"> 0, </key>
<key name="sometim"> 103, </key>
<key name="sort"> 114, </key>
<key name="specific"> 1,46,48,69,70,71,95,98,115, </key>
<key name="specification"> 1, </key>
<key name="specify"> 96,102, </key>
<key name="src"> 39, </key>
<key name="ssl"> 3,60,77,91,100, </key>
<key name="standard"> 4,20,96, </key>
<key name="start"> 66,87,88,91,104,113, </key>
<key name="startup"> 87, </key>
<key name="statement"> 40, </key>
<key name="statistic"> 115, </key>
<key name="statu"> 42,73,81,110,114, </key>
<key name="stem"> 32, </key>
<key name="step"> 22,24,30,95, </key>
<key name="stop"> 3,50,91,103, </key>
<key name="stor"> 75,97, </key>
<key name="storag"> 3,75,91,97, </key>
<key name="subject"> 94,96, </key>
<key name="substitut"> 39, </key>
<key name="successful"> 14, </key>
<key name="summari"> 115, </key>
<key name="summary"> 8,9,10,11,12,13,16,20,22,23,24,27,28,33,34,35,36,37,41,42,44,47,48,51,52,54,55,56,57,59,61,62,63,67,70,71,73,81,84,85,86,92,93,94,96,98,102,106,107,109,111,114,115, </key>
<key name="support"> 6,38,39,40,64,82,96,110, </key>
<key name="sur"> 22,88, </key>
<key name="switch"> 88, </key>
<key name="system"> 0,1,2,3,5,10,14,28,33,40,41,49,60,61,66,72,74,78,79,85,88,91,96,101,104,106,111, </key>
<key name="t"> 6,14,35,69,71,82, </key>
<key name="tab"> 1,7,8,9,10,11,12,13,14,15,16,19,20,21,22,23,24,25,26,27,28,29,30,33,34,35,36,37,41,42,43,44,45,46,47,48,49,50,51,52,53,54,55,56,57,58,59,60,61,62,63,64,65,67,69,70,71,73,75,76,77,78,79,81,84,85,86,88,89,90,91,92,93,94,95,96,97,98,99,100,101,102,103,105,106,107,108,109,110,111,112,113,114,115, </key>
<key name="tabl"> 21,22,23,37,51,69,70,71,79,109,114, </key>
<key name="tak"> 50,65,82, </key>
<key name="taken"> 38,39, </key>
<key name="task"> 65, </key>
<key name="technical"> 56,57,58, </key>
<key name="tel"> 70,98,99,103, </key>
<key name="telephon"> 82, </key>
<key name="tell"> 102, </key>
<key name="test"> 41,88,100,104, </key>
<key name="text"> 4,12,20,22,23,39,44,54,68,94,96, </key>
<key name="them"> 6,58,69,70,71,85,102, </key>
<key name="thos"> 25, </key>
<key name="tim"> 9,22,45,53,66,82,88,93,98,104,105,109,113,115, </key>
<key name="timeout"> 45,59,62, </key>
<key name="tip"> 68, </key>
<key name="titl"> 12,55,64, </key>
<key name="tl"> 77, </key>
<key name="togeth"> 0,5,104, </key>
<key name="took"> 109, </key>
<key name="tool"> 38,39,41,88,90, </key>
<key name="toolbar"> 22, </key>
<key name="top"> 7,11,14,23,54,56,57,58,64,69,71, </key>
<key name="topic"> 26,64, </key>
<key name="total"> 45,75,114,115, </key>
<key name="traffic"> 3,91,99, </key>
<key name="trait"> 5, </key>
<key name="transaction"> 110, </key>
<key name="transcript"> 4,44,73,96,109, </key>
<key name="troubleshoot"> 105, </key>
<key name="try"> 82, </key>
<key name="turnaround"> 82, </key>
<key name="typ"> 4,12,15,16,20,22,24,25,27,28,29,30,32,39,48,50,51,62,64,77,79,88,89,90,94,95,99,102,110,112,113, </key>
<key name="typical"> 82, </key>
<key name="unabl"> 82, </key>
<key name="unavailabl"> 4, </key>
<key name="uninstal"> 56,57,58, </key>
<key name="uninstall"> 56,57,58,77, </key>
<key name="unit"> 3, </key>
<key name="unles"> 37,58,79, </key>
<key name="unmodifi"> 72, </key>
<key name="up"> 2,23,39,41,54,56,57,58,66,87,88, </key>
<key name="updat"> 13,16,20,22,42,44,51,54,62,105, </key>
<key name="upgrad"> 82, </key>
<key name="uptim"> 103, </key>
<key name="urgent"> 82, </key>
<key name="url"> 12,94,102,110, </key>
<key name="us"> 1,3,4,10,12,14,15,16,20,21,22,23,25,28,29,32,38,39,40,41,42,44,48,49,51,53,54,61,62,67,75,76,82,84,85,86,87,88,89,91,95,106,110,113, </key>
<key name="usag"> 73,115, </key>
<key name="useful"> 9, </key>
<key name="user"> 0,1,2,5,10,14,15,16,20,22,25,28,33,49,51,52,53,61,66,76,82,84,85,89,90,95,97,106, </key>
<key name="usernam"> 14,15,61,88,89,100, </key>
<key name="usual"> 0,6, </key>
<key name="valu"> 32,56,59,62,79,101, </key>
<key name="variabl"> 4,22,24, </key>
<key name="ve"> 104, </key>
<key name="vendor"> 113, </key>
<key name="verify"> 14,41, </key>
<key name="version"> 40,110,112,113, </key>
<key name="very"> 20, </key>
<key name="via"> 96, </key>
<key name="view"> 64,67,73,75,77,78,91,92,99,105,106,107,108,109,110,111,112,113,114,115, </key>
<key name="viewabl"> 110, </key>
<key name="viewer"> 94, </key>
<key name="visibl"> 22, </key>
<key name="visitor"> 4,24,109,115, </key>
<key name="wait"> 4,115, </key>
<key name="want"> 9,10,15,20,22,23,27,29,32,34,35,39,41,42,45,47,48,54,63,64,85,100,105,109,115, </key>
<key name="war"> 38,39, </key>
<key name="warn"> 105, </key>
<key name="way"> 4,9,63, </key>
<key name="web"> 2,4,22,23,24,38,39,41,54,65,94, </key>
<key name="webap"> 38,39, </key>
<key name="webchat"> 2,4,13,22,23,32,39,44,54,63,73,88,104,116, </key>
<key name="webpag"> 39,88,94, </key>
<key name="websit"> 39,82, </key>
<key name="week"> 93, </key>
<key name="what"> 22,64,79, </key>
<key name="wherea"> 5, </key>
<key name="wheth"> 23,26,95,100,110, </key>
<key name="whil"> 4, </key>
<key name="will"> 20,22,24,28,29,32,35,36,38,39,41,45,50,55,64,66,79,82,87,88,93,96,102, </key>
<key name="window"> 12,17,18,64,87,88,116, </key>
<key name="within"> 64,82, </key>
<key name="without"> 0,32,63, </key>
<key name="word"> 64, </key>
<key name="work"> 88,104, </key>
<key name="worker"> 63, </key>
<key name="workgroup"> 0,4,6,8,9,10,11,12,13,20,22,23,24,27,29,30,32,35,36,39,41,44,45,54,55,56,57,58,59,62,63,66,70,71,72,73,81,86,88,93,94,96,98,102,104,109,114,115, </key>
<key name="would"> 39, </key>
<key name="www"> 38,39, </key>
<key name="x"> 88, </key>
<key name="xmpp"> 20,91,99, </key>
<key name="yes"> 32,35,36, </key>
<key name="yet"> 66, </key>
<key name="your"> 1,4,14,20,29,38,39,41,44,64,65,66,69,71,76,77,82,88,94,96,100,102,104,110, </key>
<key name="zon"> 113, </key>

</ftswdata>  
