<?xml version='1.0' encoding='windows-1252' ?>
<ftswdata>
<key name="learn"> 26, </key>
<key name="les"> 34, </key>
<key name="let"> 0,3,8,25, </key>
<key name="level"> 17,34,52, </key>
<key name="licens"> 34, </key>
<key name="limit"> 9,29, </key>
<key name="lin"> 48, </key>
<key name="link"> 5,26, </key>
<key name="list"> 3,7,9,10,11,17,18,25,27,29,31,36,38,41,42,48,50,51,53, </key>
<key name="ll"> 4,47, </key>
<key name="local"> 23,54, </key>
<key name="locat"> 38, </key>
<key name="log"> 9,13,14,29,40,48,52, </key>
<key name="login"> 2,30,40,46, </key>
<key name="long"> 38, </key>
<key name="mail"> 45, </key>
<key name="main"> 26,28,40,41,49, </key>
<key name="maintenanc"> 47, </key>
<key name="mak"> 8,16,21, </key>
<key name="manag"> 0,1,2,10,23,28,29,30,31,32,33,40,45,48,49,52, </key>
<key name="management"> 8, </key>
<key name="mark"> 48, </key>
<key name="maximum"> 9,44, </key>
<key name="memb"> 20, </key>
<key name="member"> 8,10,17,20,21, </key>
<key name="membership"> 20,21, </key>
<key name="memory"> 54, </key>
<key name="menu"> 26,28,40,41,49, </key>
<key name="messag"> 1,2,15,29,39,40,41,44, </key>
<key name="messeng"> 1,3,26,27,31,32,34,37,40, </key>
<key name="method"> 34,47, </key>
<key name="minimum"> 45, </key>
<key name="minut"> 22, </key>
<key name="mod"> 52, </key>
<key name="moderat"> 9, </key>
<key name="moderator"> 9, </key>
<key name="modul"> 32, </key>
<key name="monday"> 34, </key>
<key name="monitor"> 40, </key>
<key name="muc"> 0, </key>
<key name="much"> 15,34, </key>
<key name="multi"> 0, </key>
<key name="multipl"> 0,46,52, </key>
<key name="must"> 24,46, </key>
<key name="nam"> 4,5,6,8,9,10,13,17,18,19,20,21,23,24,33,35,38,42,45,46,49,50,51,52,54, </key>
<key name="navigation"> 25, </key>
<key name="ne"> 4,19,25,34,37,39,47, </key>
<key name="necessary"> 31, </key>
<key name="new"> 4,6,8,9,20,24,33,34, </key>
<key name="next"> 17,34, </key>
<key name="not"> 4,19,25, </key>
<key name="numb"> 9,13,14,15,22,34,44,46,48, </key>
<key name="number"> 25, </key>
<key name="observ"> 34, </key>
<key name="occupant"> 9, </key>
<key name="offlin"> 2,29,40, </key>
<key name="often"> 14,44, </key>
<key name="ok"> 7, </key>
<key name="on"> 4,9,10,15,25,29,30,33,34,46, </key>
<key name="onc"> 3,4,52, </key>
<key name="onlin"> 25,34, </key>
<key name="open"> 1,4,25,52, </key>
<key name="operat"> 13, </key>
<key name="option"> 5,6,9,10,15,17,26,42,43,46, </key>
<key name="optional"> 8,10,12, </key>
<key name="ord"> 48, </key>
<key name="org"> 34, </key>
<key name="organiz"> 8, </key>
<key name="os"> 54, </key>
<key name="our"> 34, </key>
<key name="outcast"> 17, </key>
<key name="overview"> 53, </key>
<key name="own"> 4,6, </key>
<key name="owner"> 12,17, </key>
<key name="packag"> 34, </key>
<key name="packet"> 44, </key>
<key name="pag"> 5,25,47, </key>
<key name="pan"> 4,5,6,8,9,10,11,12,14,15,16,17,18,20,21,22,23,25,29,30,31,32,33,35,38,39,42,43,44,45,46,48,51,52,53, </key>
<key name="parameter"> 5, </key>
<key name="part"> 26,47, </key>
<key name="participant"> 9,15,39,41, </key>
<key name="particular"> 38, </key>
<key name="password"> 6,9,30,45,49, </key>
<key name="peopl"> 3, </key>
<key name="perform"> 26, </key>
<key name="permanent"> 12, </key>
<key name="permission"> 17,28,42, </key>
<key name="persistent"> 9, </key>
<key name="person"> 24, </key>
<key name="personal"> 2,40,43, </key>
<key name="plac"> 33,48, </key>
<key name="platform"> 27, </key>
<key name="pleas"> 34, </key>
<key name="plugin"> 2,32,40, </key>
<key name="polici"> 29, </key>
<key name="policy"> 2,22,29,40,43,44,46, </key>
<key name="port"> 23,45,54, </key>
<key name="possibl"> 34, </key>
<key name="post"> 34, </key>
<key name="premium"> 34, </key>
<key name="pres"> 25, </key>
<key name="presenc"> 9, </key>
<key name="prevent"> 30, </key>
<key name="privat"> 43, </key>
<key name="privileg"> 0, </key>
<key name="problem"> 34,48, </key>
<key name="processor"> 54, </key>
<key name="product"> 13,34, </key>
<key name="properti"> 1,2,4,19,21,23,24,28,33,38,40,47,49,52,53,54, </key>
<key name="property"> 19,33, </key>
<key name="protect"> 9, </key>
<key name="protocol"> 1,54, </key>
<key name="provid"> 1,10,33,34,45,46,53, </key>
<key name="pst"> 34, </key>
<key name="pur"> 25, </key>
<key name="purpos"> 27, </key>
<key name="put"> 3, </key>
<key name="question"> 13,34, </key>
<key name="queu"> 44, </key>
<key name="quick"> 38, </key>
<key name="rat"> 48, </key>
<key name="re"> 9,34, </key>
<key name="read"> 52, </key>
<key name="ready"> 47, </key>
<key name="real"> 9, </key>
<key name="reason"> 12,39,47, </key>
<key name="recent"> 13,48, </key>
<key name="ref"> 27,31,37, </key>
<key name="refresh"> 6,7,20,24,33,42,48, </key>
<key name="registration"> 2,30,40, </key>
<key name="relat"> 40,49, </key>
<key name="remov"> 11,17,18,20,21,24,35,36,42, </key>
<key name="repeat"> 42, </key>
<key name="replacement"> 12, </key>
<key name="request"> 12,46, </key>
<key name="requir"> 4,8,9,45, </key>
<key name="resourc"> 2,34,40,46, </key>
<key name="respond"> 34, </key>
<key name="respons"> 34, </key>
<key name="restart"> 19,32,37,47, </key>
<key name="restor"> 23, </key>
<key name="restrict"> 9,42, </key>
<key name="result"> 33, </key>
<key name="return"> 50, </key>
<key name="retyp"> 6, </key>
<key name="revers"> 48, </key>
<key name="review"> 34, </key>
<key name="right"> 20, </key>
<key name="rol"> 9, </key>
<key name="room"> 0,9,12,15,16,17,18,22,28,42,53, </key>
<key name="rost"> 8,10,21,35, </key>
<key name="roster"> 3,8,10,21,35, </key>
<key name="rout"> 29, </key>
<key name="row"> 47, </key>
<key name="run"> 37, </key>
<key name="s"> 0,6,16,17,20,21,24,25,27,33,38, </key>
<key name="sam"> 46, </key>
<key name="sav"> 9,10,14,15,16,19,21,22,23,24,29,30,33,35,42,43,44,45,46, </key>
<key name="screen"> 4,5,6,7,8,9,10,11,12,14,15,16,17,18,19,20,21,22,23,24,26,29,31,32,33,35,36,38,39,42,43,44,45,46,47,50,51,53,54, </key>
<key name="script"> 37, </key>
<key name="scroll"> 20,23,25,33, </key>
<key name="se"> 9,25,33, </key>
<key name="search"> 5,25,34,38, </key>
<key name="second"> 14,44,48, </key>
<key name="section"> 9,10,14,22,29,30,31,35,44, </key>
<key name="secur"> 23, </key>
<key name="security"> 2,31,40,54, </key>
<key name="select"> 5,9,10,15,17,20,22,23,29,30,31,35,42,43,44,45,46,48, </key>
<key name="send"> 34,39,41,45, </key>
<key name="sensitiv"> 34, </key>
<key name="sent"> 29, </key>
<key name="serv"> 1,2,3,7,13,14,19,23,26,27,29,30,31,32,33,37,39,40,43,44,45,46,47,48,50,51,52,54, </key>
<key name="servic"> 0,18,19,28,34,37, </key>
<key name="session"> 1,7,39,41,50,51, </key>
<key name="set"> 2,4,14,28,37,40,42,43,44,45,46,48,52, </key>
<key name="setting"> 0,1,2,10,14,15,16,18,21,22,23,26,27,28,29,30,31,33,35,40,42,43,44,45,46,47,49,53,54, </key>
<key name="setup"> 31, </key>
<key name="sh"> 37, </key>
<key name="shar"> 8,10,21,35, </key>
<key name="short"> 10,34, </key>
<key name="should"> 14,45, </key>
<key name="show"> 4,5,10,15,20, </key>
<key name="shown"> 46, </key>
<key name="shut"> 39, </key>
<key name="sidebar"> 4,5,6,8,9,10,11,12,14,15,16,17,18,20,21,22,23,29,30,31,32,33,35,38,39,42,43,44,45,46,48,51,52,53, </key>
<key name="siz"> 14,29,44, </key>
<key name="smtp"> 45, </key>
<key name="softwar"> 13,34, </key>
<key name="solution"> 34, </key>
<key name="sometim"> 47, </key>
<key name="sourc"> 1, </key>
<key name="specific"> 0,15,17,42, </key>
<key name="specification"> 0, </key>
<key name="ssl"> 2,23,31,40,45, </key>
<key name="start"> 27,37,40,54, </key>
<key name="startup"> 37, </key>
<key name="statement"> 13, </key>
<key name="statu"> 52, </key>
<key name="step"> 42, </key>
<key name="stop"> 2,19,40,47, </key>
<key name="stor"> 29,43, </key>
<key name="storag"> 2,29,40,43, </key>
<key name="successful"> 4, </key>
<key name="suit"> 27, </key>
<key name="summary"> 6,10,11,12,16,17,20,21,24,28,35,36,41,49,50,53, </key>
<key name="support"> 13,25,27,34,52, </key>
<key name="sur"> 34, </key>
<key name="system"> 0,2,3,4,10,11,13,18,23,24,27,32,33,36,40,46,49,53, </key>
<key name="t"> 4,34, </key>
<key name="tab"> 0,4,5,6,7,8,9,10,11,12,14,15,16,17,18,19,20,21,22,23,24,25,26,28,29,30,31,32,33,35,36,38,39,40,41,42,43,44,45,46,47,48,49,50,51,52,53,54, </key>
<key name="tabl"> 20,33, </key>
<key name="tak"> 19,26,34, </key>
<key name="task"> 26, </key>
<key name="tel"> 44,47, </key>
<key name="telephon"> 34, </key>
<key name="test"> 27,45, </key>
<key name="them"> 36, </key>
<key name="thos"> 3,8, </key>
<key name="thread"> 34, </key>
<key name="tim"> 4,22,34,48,54, </key>
<key name="titl"> 25, </key>
<key name="tl"> 31, </key>
<key name="tool"> 1,39, </key>
<key name="top"> 4,25, </key>
<key name="topic"> 9,25, </key>
<key name="total"> 29, </key>
<key name="traffic"> 2,40,44, </key>
<key name="transaction"> 52, </key>
<key name="troubleshoot"> 48, </key>

</ftswdata>  
