<?xml version='1.0' encoding='windows-1252' ?>
<indexdata>
<key name="Customizing the Webchat Client" >
  <topic name="About Webchat forms" url="about_the_webchat_form.html" />
  <key name="changing images" >
    <topic name="Add or change form images" url="add_or_change_form_images.html" />
  </key>
  <key name="changing the text" >
    <topic name="Edit form text" url="edit_form_text.html" />
  </key>
  <key name="creating custom form fields" >
    <topic name="Create a custom form field" url="create_a_custom_form_field.html" />
  </key>
  <key name="creating form variables" >
    <topic name="Create a form variable" url="create_a_form_variable.html" />
  </key>
  <key name="editing form fields" >
    <topic name="Edit or delete a form field" url="edit_or_delete_a_form_field.html" />
  </key>
</key>
<key name="Database connection properties" >
  <topic name="View database connection properties" url="view_database_connection_properties.html" />
</key>
<key name="Database URL connection" >
  <topic name="View database connection properties" url="view_database_connection_properties.html" />
</key>
<key name="Debug log" >
  <topic name="Use the server logs" url="use_the_server_logs.html" />
</key>
<key name="Debugging the server" >
  <topic name="Use the server logs" url="use_the_server_logs.html" />
</key>
<key name="Default form fields" >
  <topic name="Create a form" url="create_a_form.html" />
</key>
<key name="Default system setup" >
  <topic name="Default setup" url="default_setup.html" />
</key>
<key name="Deleting agent groups" >
  <topic name="Delete an agent group" url="delete_an_agent_group.html" />
</key>
<key name="Deleting groups" >
  <topic name="Delete a group" url="delete_a_group.html" />
</key>
<key name="Deleting system plugins" >
  <topic name="Manage system plugins" url="manage_system_plugins.html" />
</key>
<key name="Deleting system properties" >
  <topic name="Manage system properties" url="manage_system_properties.html" />
</key>
<key name="Deleting users" >
  <topic name="Remove a user from the system" url="remove_a_user_from_the_system.html" />
</key>
<key name="Deleting workgroup queues" >
  <topic name="Delete a queue" url="delete_a_queue.html" />
</key>
<key name="Deleting workgroups" >
  <topic name="Delete a workgroup" url="delete_a_workgroup.html" />
</key>
<key name="Demo agent account" >
  <topic name="Use Live Assistant for the first time" url="use_live_assistant_for_the_first_time.html" />
</key>
<key name="Demo workgroup" >
  <topic name="Use Live Assistant for the first time" url="use_live_assistant_for_the_first_time.html" />
</key>
<key name="Deploying the Agent application" >
  <topic name="Deploy the Agent application" url="deploy_the_agent_application.html" />
</key>
<key name="Deploying the Webchat Client" >
  <topic name="Deploy the Webchat Client application" url="deploy_the_webchat_client_application.html" />
</key>
<key name="Destroying group chat rooms" >
  <topic name="Delete a group chat room" url="delete_a_group_chat_room.html" />
</key>
<key name="Disabling anonymous login" >
  <topic name="Manage registration and login settings" url="manage_registration_and_login_settings.html" />
</key>
<key name="Disabling bug logging" >
  <topic name="Use the server logs" url="use_the_server_logs.html" />
</key>
<key name="Disabling Chatbot" >
  <topic name="Enable or disable Chatbot" url="enable_or_disable_chatbot.html" />
</key>
<key name="Disabling roster sharing of groups" >
  <topic name="Remove a shared roster group from rosters" url="remove_a_shared_roster_group_from_rosters.html" />
</key>
<key name="Displaying chat history" >
  <topic name="Edit group chat history settings" url="edit_group_chat_history_settings.html" />
</key>
<key name="Displaying offline messages" >
  <topic name="Manage offline messages" url="manage_offline_messages.html" />
  <topic name="Set an offline policy for a workgroup" url="set_an_offline_policy_for_a_workgroup.html" />
</key>
<key name="Domain names" >
  <topic name="View server settings" url="view_server_settings.html" />
</key>
<key name="Editing canned responses" >
  <topic name="Edit or delete canned responses" url="edit_or_delete_canned_responses.html" />
</key>
<key name="Editing group chat history settings" >
  <topic name="Edit group chat history settings" url="edit_group_chat_history_settings.html" />
</key>
<key name="Editing system properties" >
  <topic name="Manage system properties" url="manage_system_properties.html" />
</key>
<key name="Editing workgroup properties" >
  <topic name="Edit workgroup properties" url="edit_workgroup_properties.html" />
</key>
<key name="Email accounts" >
  <topic name="Set the server email account" url="set_the_server_email_account.html" />
</key>
<key name="Email accounts for workgroups" >
  <topic name="Set an email account for a workgroup" url="set_header_and_message_text_for_transcript_emails.html" />
</key>
<key name="Email host" >
  <topic name="Set the server email account" url="set_the_server_email_account.html" />
</key>
<key name="Email Transcript form" >
  <topic name="About Webchat forms" url="about_the_webchat_form.html" />
  <topic name="Edit form text" url="edit_form_text.html" />
</key>
<key name="Enabling anonymous login" >
  <topic name="Manage registration and login settings" url="manage_registration_and_login_settings.html" />
</key>
<key name="Enabling bug logging" >
  <topic name="Use the server logs" url="use_the_server_logs.html" />
</key>
<key name="Enabling chat room moderation" >
  <topic name="Edit group chat room settings" url="edit_group_chat_room_settings.html" />
</key>
<key name="Enabling Chatbot" >
  <topic name="Enable or disable Chatbot" url="enable_or_disable_chatbot.html" />
</key>
<key name="Enabling roster sharing of groups" >
  <topic name="Remove a shared roster group from rosters" url="remove_a_shared_roster_group_from_rosters.html" />
</key>
<key name="Enabling users to create server accounts" >
  <topic name="Manage registration and login settings" url="manage_registration_and_login_settings.html" />
</key>
<key name="Error log" >
  <topic name="Use the server logs" url="use_the_server_logs.html" />
</key>
<key name="Expire agent rejection" >
  <topic name="Edit global workgroup settings" url="edit_global_workgroup_settings.html" />
</key>
<key name="Filtering messages" >
  <topic name="Add an interceptor class" url="add_an_interceptor_class.html" />
  <topic name="Install an interceptor for a workgroup" url="install_an_interceptor_for_a_workgroup.html" />
</key>
<key name="Finding users in the Users/Groups tab" >
  <topic name="Search for a user" url="search_for_a_user.html" />
</key>
<key name="Flush interval" >
  <topic name="Edit conversation logging settings" url="edit_conversation_logging_settings.html" />
</key>
<key name="Form builder" >
  <topic name="Edit or delete a form field" url="edit_or_delete_a_form_field.html" />
</key>
<key name="Form field answer types" >
  <topic name="Create a custom form field" url="create_a_custom_form_field.html" />
</key>
<key name="Form fields" >
  <topic name="About the Webchat form" url="about_the_webchat_form.html" />
  <key name="arranging order in form" >
    <topic name="Create a form" url="create_a_form.html" />
  </key>
  <key name="creating custom" >
    <topic name="Create a custom form field" url="create_a_custom_form_field.html" />
  </key>
  <key name="creating variables" >
    <topic name="Create a form variable" url="create_a_form_variable.html" />
  </key>
  <key name="deleting" >
    <topic name="Edit or delete a form field" url="edit_or_delete_a_form_field.html" />
  </key>
  <key name="editing" >
    <topic name="Edit or delete a form field" url="edit_or_delete_a_form_field.html" />
  </key>
  <key name="in forms" >
    <topic name="Create a form" url="create_a_form.html" />
  </key>
  <key name="making required" >
    <topic name="Create a custom form field" url="create_a_custom_form_field.html" />
  </key>
  <key name="reordering in forms" >
    <topic name="Edit or delete a form field" url="edit_or_delete_a_form_field.html" />
  </key>
</key>
<key name="Form images" >
  <topic name="Add or change form images" url="add_or_change_form_images.html" />
</key>
<key name="Form text" >
  <topic name="Edit form text" url="edit_form_text.html" />
</key>
<key name="Form variables" >
  <topic name="Create a form variable" url="create_a_form_variable.html" />
</key>
<key name="Forms" >
  <topic name="About Webchat forms" url="about_the_webchat_form.html" />
  <key name="changing images" >
    <topic name="Add or change form images" url="add_or_change_form_images.html" />
  </key>
  <key name="changing text for" >
    <topic name="Edit form text" url="edit_form_text.html" />
  </key>
  <key name="creating" >
    <topic name="Create a form" url="create_a_form.html" />
  </key>
  <key name="creating variables for" >
    <topic name="Create a form variable" url="create_a_form_variable.html" />
  </key>
</key>
<key name="Forums document root" >
  <topic name="Specify Jive repository settings for a workgroup" url="specify_search_settings_for_workgroup.html" />
</key>
<key name="Gathering data from visitors" >
  <topic name="Create a form variable" url="create_a_form_variable.html" />
</key>
<key name="Getting started" >
  <topic name="Download and run the Agent Console installer" url="download_and_run_the_agent_console_installer.html" />
</key>
<key name="Global dispatcher settings" >
  <topic name="Configure global dispatcher settings" url="configure_global_dispatcher_settings.html" />
</key>
<key name="Global interceptor classes" >
  <topic name="Add a global interceptor class" url="add_a_global_interceptor_class.html" />
</key>
<key name="Global interceptors" >
  <topic name="Add a global interceptor class" url="add_a_global_interceptor_class.html" />
</key>
<key name="Global request timeouts" >
  <topic name="Edit global workgroup settings" url="edit_global_workgroup_settings.html" />
</key>
<key name="Global workgroup settings" >
  <topic name="Edit global workgroup settings" url="edit_global_workgroup_settings.html" />
</key>
<key name="Group administrator" >
  <topic name="Edit group membership" url="edit_group_membership.html" />
</key>
<key name="Group chat conversation logging" >
  <topic name="Edit conversation logging settings" url="edit_conversation_logging_settings.html" />
</key>
<key name="Group chat history settings" >
  <topic name="Edit group chat history settings" url="edit_group_chat_history_settings.html" />
</key>
<key name="Group chat idle user settings" >
  <topic name="Edit idle user settings" url="edit_idle_user_settings.html" />
</key>
<key name="Group chat kick policy" >
  <topic name="Edit idle user settings" url="edit_idle_user_settings.html" />
</key>
<key name="Group chat room administration" >
  <topic name="Edit group chat room user permissions" url="edit_group_chat_room_user_permissions.html" />
</key>
<key name="Group chat room ID" >
  <topic name="Create a group chat room" url="create_a_group_chat_room.html" />
</key>
<key name="Group chat room name" >
  <topic name="Create a group chat room" url="create_a_group_chat_room.html" />
</key>
<key name="Group chat room passwords" >
  <topic name="Create a group chat room" url="create_a_group_chat_room.html" />
</key>
<key name="Group chat room summary" >
  <topic name="View group chat room summary" url="view_group_chat_room_summary.html" />
</key>
<key name="Group chat rooms" >
  <topic name="About managing group chats" url="about_managing_group_chats.html" />
  <key name="changing room options" >
    <topic name="Edit group chat room settings" url="edit_group_chat_room_settings.html" />
  </key>
  <key name="creating" >
    <topic name="Create a group chat room" url="create_a_group_chat_room.html" />
  </key>
  <key name="deleting" >
    <topic name="Delete a group chat room" url="delete_a_group_chat_room.html" />
  </key>
  <key name="editing settings" >
    <topic name="Edit group chat room settings" url="edit_group_chat_room_settings.html" />
  </key>
  <key name="editing user permissions" >
    <topic name="Edit group chat room user permissions" url="edit_group_chat_room_user_permissions.html" />
  </key>
  <key name="enabling conversation logging" >
    <topic name="Edit group chat room settings" url="edit_group_chat_room_settings.html" />
  </key>
  <key name="making moderated" >
    <topic name="Edit group chat room settings" url="edit_group_chat_room_settings.html" />
  </key>
  <key name="setting creation permissions" >
    <topic name="Set group chat room creation permissions" url="set_group_chat_room_creation_permissions.html" />
  </key>
  <key name="setting discussion topic" >
    <topic name="Create a group chat room" url="create_a_group_chat_room.html" />
  </key>
  <key name="setting maximum occupancy" >
    <topic name="Create a group chat room" url="create_a_group_chat_room.html" />
  </key>
  <key name="viewing summary of" >
    <topic name="View group chat room summary" url="view_group_chat_room_summary.html" />
  </key>
</key>
<key name="Group chat service administrators" >
  <topic name="Edit group chat service administrators" url="edit_group_chat_service_administrators.html" />
</key>
<key name="Group chat service properties" >
  <topic name="Edit group chat service properties" url="edit_group_chat_service_properties.html" />
</key>
<key name="Group chat settings" >
  <topic name="Group Chat Main Menu tab" url="group_chat_main_menu_tab.html" />
</key>

</indexdata>
