<?xml version='1.0' encoding='windows-1252' ?>
<indexdata>
<key name="Transcripts" >
  <topic name="Set a transcript email account for a workgroup" url="set_header_and_message_text_for_transcript_emails.html" />
  <key name="emailing" >
    <topic name="Set a transcript email account for a workgroup" url="set_header_and_message_text_for_transcript_emails.html" />
  </key>
  <key name="in workgroup reports" >
    <topic name="View chat transcript reports for a workgroup" url="view_chat_transcript_reports_for_a_workgroup.html" />
  </key>
</key>
<key name="Troubleshooting" >
  <topic name="Use the server logs" url="use_the_server_logs.html" />
</key>
<key name="Uninstalling interceptors" >
  <topic name="Edit or uninstall an interceptor" url="edit_or_uninstall_an_interceptor.html" />
  <topic name="Edit or uninstall global interceptors" url="edit_or_uninstall_global_interceptors.html" />
</key>
<key name="Uninstalling routers" >
  <topic name="Edit or uninstall a workgroup router" url="edit_or_uninstall_a_workgroup_router.html" />
</key>
<key name="Uninstalling security certificates" >
  <topic name="Manage security certificates" url="manage_security_certificates.html" />
</key>
<key name="User data storage" >
  <topic name="Set private data storage policy" url="set_private_data_storage_policy.html" />
</key>
<key name="User email address" >
  <topic name="Edit user properties" url="edit_user_properties.html" />
</key>
<key name="User groups" >
  <topic name="About users and groups" url="about_users_and_groups.html" />
  <key name="deleting" >
    <topic name="Delete a group" url="delete_a_group.html" />
  </key>
  <key name="editing properties" >
    <topic name="Edit group properties" url="edit_group_properties.html" />
  </key>
</key>
<key name="User Input form" >
  <topic name="About Webchat forms" url="about_the_webchat_form.html" />
  <topic name="Edit form text" url="edit_form_text.html" />
</key>
<key name="User name" >
  <topic name="Edit user properties" url="edit_user_properties.html" />
</key>
<key name="User passwords" >
  <topic name="Change a user password" url="change_a_user_password.html" />
  <topic name="Manage registration and login settings" url="manage_registration_and_login_settings.html" />
</key>
<key name="User personal settings" >
  <topic name="Set private data storage policy" url="set_private_data_storage_policy.html" />
</key>
<key name="Username" >
  <topic name="Add users to the system" url="add_users_to_the_system.html" />
  <topic name="Edit user properties" url="edit_user_properties.html" />
</key>
<key name="Users" >
  <topic name="About users and groups" url="about_users_and_groups.html" />
  <key name="adding to groups" >
    <topic name="Create a group" url="create_a_group.html" />
  </key>
  <key name="adding to the system" >
    <topic name="Add users to the system" url="add_users_to_the_system.html" />
  </key>
  <key name="changing password" >
    <topic name="Change a user password" url="change_a_user_password.html" />
  </key>
  <key name="editing properties" >
    <topic name="Edit user properties" url="edit_user_properties.html" />
  </key>
  <key name="removing from groups" >
    <topic name="Edit group membership" url="edit_group_membership.html" />
  </key>
  <key name="removing from system" >
    <topic name="Remove a user from the system" url="remove_a_user_from_the_system.html" />
  </key>
  <key name="searching for" >
    <topic name="Advanced searching" url="advanced_searching.html" />
    <topic name="Search for a user" url="search_for_a_user.html" />
  </key>
</key>
<key name="Using server logs" >
  <topic name="Use the server logs" url="use_the_server_logs.html" />
</key>
<key name="Viewing active server sessions" >
  <topic name="View active server sessions" url="view_active_server_sessions.html" />
</key>
<key name="Viewing agent's current chats" >
  <topic name="View status of workgroup agents" url="view_status_of_workgroup_agents.html" />
</key>
<key name="Viewing chat transcript reports" >
  <topic name="View chat transcript reports for a workgroup" url="view_chat_transcript_reports_for_a_workgroup.html" />
</key>
<key name="Viewing database connection properties" >
  <topic name="View database connection properties" url="view_database_connection_properties.html" />
</key>
<key name="Viewing group chat room information" >
  <topic name="View group chat room summary" url="view_group_chat_room_summary.html" />
</key>
<key name="Viewing license details" >
  <topic name="View Live Assistant license details" url="view_live_assistant_license_details.html" />
</key>
<key name="Viewing server sessions" >
  <topic name="View server sessions" url="view_active_server_sessions.html" />
</key>
<key name="Viewing server settings" >
  <topic name="View server settings" url="view_server_settings.html" />
</key>
<key name="Warn log" >
  <topic name="Use the server logs" url="use_the_server_logs.html" />
</key>
<key name="Webchat Client" >
  <topic name="Deploy the Webchat Client application" url="deploy_the_webchat_client_application.html" />
</key>
<key name="Webchat Client images" >
  <topic name="Add or change form images" url="add_or_change_form_images.html" />
</key>
<key name="Webchat Client window" >
  <topic name="Webchat Client window" url="webchat_client_window.html" />
</key>
<key name="Webchat forms" >
  <topic name="About Webchat forms" url="about_the_webchat_form.html" />
  <key name="adding images to" >
    <topic name="Add or change form images" url="add_or_change_form_images.html" />
  </key>
  <key name="creating" >
    <topic name="Create a form" url="create_a_form.html" />
  </key>
  <key name="creating custom fields for" >
    <topic name="Create a custom form field" url="create_a_custom_form_field.html" />
  </key>
  <key name="creating form variables for" >
    <topic name="Create a form variable" url="create_a_form_variable.html" />
  </key>
  <key name="editing fields of" >
    <topic name="Edit or delete a form field" url="edit_or_delete_a_form_field.html" />
  </key>
  <key name="editing text of" >
    <topic name="Edit form text" url="edit_form_text.html" />
  </key>
</key>
<key name="Webchat offline image" >
  <topic name="Add or change form images" url="add_or_change_form_images.html" />
</key>
<key name="Webchat online image" >
  <topic name="Add or change form images" url="add_or_change_form_images.html" />
</key>
<key name="Workgroup agent status" >
  <topic name="View status of workgroup agents" url="view_status_of_workgroup_agents.html" />
</key>
<key name="Workgroup agents" >
  <topic name="View status of workgroup agents" url="view_status_of_workgroup_agents.html" />
</key>
<key name="Workgroup availability" >
  <topic name="Set a schedule for a workgroup" url="set_a_schedule_for_a_workgroup.html" />
</key>
<key name="Workgroup Chatbot settings" >
  <topic name="Configure Chatbot settings" url="configure_chatbot_settings.html" />
</key>
<key name="Workgroup description" >
  <topic name="Create a workgroup" url="create_a_workgroup.html" />
  <topic name="Edit workgroup properties" url="edit_workgroup_properties.html" />
</key>
<key name="Workgroup dispatcher settings" >
  <topic name="Configure global dispatcher settings" url="configure_global_dispatcher_settings.html" />
</key>
<key name="Workgroup forms" >
  <topic name="Add or change form images" url="add_or_change_form_images.html" />
  <topic name="Edit form text" url="edit_form_text.html" />
</key>
<key name="Workgroup interceptors" >
  <topic name="Add a global interceptor class" url="add_a_global_interceptor_class.html" />
  <key name="editing" >
    <topic name="Edit or uninstall an interceptor" url="edit_or_uninstall_an_interceptor.html" />
  </key>
  <key name="editing global" >
    <topic name="Edit or uninstall global interceptors" url="edit_or_uninstall_global_interceptors.html" />
  </key>
  <key name="installing" >
    <topic name="Install an interceptor for a workgroup" url="install_an_interceptor_for_a_workgroup.html" />
  </key>
  <key name="installing global" >
    <topic name="Install a global interceptor" url="install_a_global_interceptor.html" />
  </key>
  <key name="uninstalling global" >
    <topic name="Edit or uninstall global interceptors" url="edit_or_uninstall_global_interceptors.html" />
  </key>
</key>
<key name="Workgroup Jive repository settings" >
  <topic name="Specify Jive repository settings for a workgroup" url="specify_search_settings_for_workgroup.html" />
</key>
<key name="Workgroup name" >
  <topic name="Create a workgroup" url="create_a_workgroup.html" />
</key>
<key name="Workgroup offline policy" >
  <topic name="Set an offline policy for a workgroup" url="set_an_offline_policy_for_a_workgroup.html" />
</key>
<key name="Workgroup properties" >
  <topic name="Edit workgroup properties" url="edit_workgroup_properties.html" />
</key>
<key name="Workgroup queue description" >
  <topic name="Create a queue" url="create_a_queue.html" />
</key>
<key name="Workgroup queue name" >
  <topic name="Create a queue" url="create_a_queue.html" />
</key>
<key name="Workgroup queues" >
  <topic name="About workgroups and queues" url="about_workgroups_and_queues.html" />
  <key name="adding agent groups to" >
    <topic name="Add agent groups to a queue" url="add_agent_groups_to_a_queue.html" />
  </key>
  <key name="adding agents to" >
    <topic name="Add agents to a queue" url="add_agents_to_a_queue.html" />
  </key>
  <key name="creating" >
    <topic name="Create a queue" url="create_a_queue.html" />
  </key>
  <key name="creating routing rules for" >
    <topic name="Define a router" url="define_a_router.html" />
  </key>
  <key name="deleting" >
    <topic name="Delete a queue" url="delete_a_queue.html" />
  </key>
  <key name="removing agent groups from" >
    <topic name="Remove agents from a queue" url="remove_agents_from_a_queue.html" />
  </key>
  <key name="removing agents from" >
    <topic name="Remove agents from a queue" url="remove_agents_from_a_queue.html" />
  </key>
  <key name="renaming" >
    <topic name="Edit queue properties" url="edit_queue_properties.html" />
  </key>
  <key name="setting overflow policy for" >
    <topic name="Set queue overflow policy" url="set_queue_overflow_policy.html" />
  </key>
</key>
<key name="Workgroup reports" >
  <topic name="View chat transcript reports for a workgroup" url="view_chat_transcript_reports_for_a_workgroup.html" />
  <topic name="View workgroup usage reports" url="view_workgroup_usage_reports.html" />
</key>
<key name="Workgroup routers" >
  <topic name="Install a router for a workgroup" url="install_a_router_for_a_workgroup.html" />
  <key name="change order of" >
    <topic name="Edit or uninstall a workgroup router" url="edit_or_uninstall_a_workgroup_router.html" />
  </key>
  <key name="defining" >
    <topic name="Define a router" url="define_a_router.html" />
  </key>
  <key name="installing" >
    <topic name="Install a router for a workgroup" url="install_a_router_for_a_workgroup.html" />
  </key>
</key>
<key name="Workgroup schedule" >
  <topic name="Open and close a workgroup manually" url="open_and_close_a_workgroup_manually.html" />
  <topic name="Set a schedule for a workgroup" url="set_a_schedule_for_a_workgroup.html" />
</key>
<key name="Workgroup search settings" >
  <topic name="Specify search settings for a workgroup" url="specify_search_settings_for_workgroup.html" />
</key>
<key name="Workgroup sessions" >
  <topic name="Edit workgroup properties" url="edit_workgroup_properties.html" />
</key>
<key name="Workgroup settings" >
  <topic name="Edit global workgroup settings" url="edit_global_workgroup_settings.html" />
</key>
<key name="Workgroup transcript email account" >
  <topic name="Set a transcript email account for a workgroup" url="set_header_and_message_text_for_transcript_emails.html" />
</key>
<key name="Workgroup usage reports" >
  <topic name="View workgroup usage reports" url="view_workgroup_usage_reports.html" />
</key>
<key name="Workgroup usage statistics" >
  <topic name="View workgroup usage reports" url="view_workgroup_usage_reports.html" />
</key>

</indexdata>
