<?xml version='1.0' encoding='windows-1252' ?>
<indexdata>
<key name="Workgroups" >
  <topic name="About workgroups and queues" url="about_workgroups_and_queues.html" />
  <key name="adding agents to" >
    <topic name="Add agents to a queue" url="add_agents_to_a_queue.html" />
  </key>
  <key name="adding users" >
    <topic name="Create a workgroup" url="create_a_workgroup.html" />
  </key>
  <key name="changing chat server for" >
    <topic name="Edit workgroup properties" url="edit_workgroup_properties.html" />
  </key>
  <key name="creating" >
    <topic name="Create a workgroup" url="create_a_workgroup.html" />
  </key>
  <key name="deleting" >
    <topic name="Delete a workgroup" url="delete_a_workgroup.html" />
  </key>
  <key name="opening and closing automatically" >
    <topic name="Set a schedule for a workgroup" url="set_a_schedule_for_a_workgroup.html" />
  </key>
  <key name="opening and closing manually" >
    <topic name="Open and close a workgroup manually" url="open_and_close_a_workgroup_manually.html" />
  </key>
  <key name="setting number of sessions allowed" >
    <topic name="Edit workgroup properties" url="edit_workgroup_properties.html" />
  </key>
  <key name="setting offline policy for" >
    <topic name="Set an offline policy for a workgroup" url="set_an_offline_policy_for_a_workgroup.html" />
  </key>
  <key name="setting schedules for" >
    <topic name="Set a schedule for a workgroup" url="set_a_schedule_for_a_workgroup.html" />
  </key>
  <key name="transcript email accounts" >
    <topic name="Set a transcript email account for a workgroup" url="set_header_and_message_text_for_transcript_emails.html" />
  </key>
</key>
<key name="XMPP server" >
  <topic name="About the server" url="about_the_server.html" />
</key>
<key name="XMPP server traffic" >
  <topic name="Set server traffic auditing policy" url="set_server_traffic_auditing_policy.html" />
</key>

</indexdata>
