<?xml version='1.0' encoding='windows-1252' ?>
<indexdata>
<key name="Active client sessions" >
  <topic name="View active client sessions" url="view_active_client_sessions.html" />
</key>
<key name="Active sessions" >
  <topic name="View active client sessions" url="view_active_client_sessions.html" />
  <topic name="View active server sessions" url="view_active_server_sessions.html" />
</key>
<key name="Adding security certificates" >
  <topic name="Manage security certificates" url="manage_security_certificates.html" />
</key>
<key name="Adding system properties" >
  <topic name="Manage system properties" url="manage_system_properties.html" />
</key>
<key name="Adding system users" >
  <topic name="Add users to the system" url="add_users_to_the_system.html" />
</key>
<key name="Adding users to group chat rooms" >
  <topic name="Edit group chat room user permissions" url="edit_group_chat_room_user_permissions.html" />
</key>
<key name="Adding users to the system" >
  <topic name="Add users to the system" url="add_users_to_the_system.html" />
</key>
<key name="Adding users to user groups" >
  <topic name="Create a group" url="create_a_group.html" />
</key>
<key name="Admin Console" >
  <topic name="Get around in the Messenger Admin Console" url="get_around_in_the_messenger_admin_console.html" />
</key>
<key name="Admin Console port" >
  <topic name="Edit server properties" url="edit_server_properties.html" />
</key>
<key name="Advanced search" >
  <topic name="Advanced searching" url="advanced_searching.html" />
</key>
<key name="Alternate Room address" >
  <topic name="Delete a group chat room" url="delete_a_group_chat_room.html" />
</key>
<key name="Anonymous login" >
  <topic name="Manage registration and login settings" url="manage_registration_and_login_settings.html" />
</key>
<key name="Auditing XMPP server traffic" >
  <topic name="Set server traffic auditing policy" url="set_server_traffic_auditing_policy.html" />
</key>
<key name="Banning users from group chat rooms" >
  <topic name="Edit group chat room user permissions" url="edit_group_chat_room_user_permissions.html" />
</key>
<key name="Broadcasting chat room presence" >
  <topic name="Create a group chat room" url="create_a_group_chat_room.html" />
</key>
<key name="Changing user passwords" >
  <topic name="Change a user password" url="change_a_user_password.html" />
</key>
<key name="Chat room  presence" >
  <topic name="Create a group chat room" url="create_a_group_chat_room.html" />
</key>
<key name="Chat room name" >
  <topic name="Create a group chat room" url="create_a_group_chat_room.html" />
</key>
<key name="Chat room occupant JID" >
  <topic name="Create a group chat room" url="create_a_group_chat_room.html" />
</key>
<key name="Chat room occupants" >
  <topic name="Create a group chat room" url="create_a_group_chat_room.html" />
</key>
<key name="Chat room passwords" >
  <topic name="Create a group chat room" url="create_a_group_chat_room.html" />
</key>
<key name="Chat service name" >
  <topic name="Edit group chat service properties" url="edit_group_chat_service_properties.html" />
</key>
<key name="Clearing server logs" >
  <topic name="Use the server logs" url="use_the_server_logs.html" />
</key>
<key name="Client sessions" >
  <topic name="View active client sessions" url="view_active_client_sessions.html" />
</key>
<key name="Closing session connections" >
  <topic name="Close a client session connection" url="close_a_client_session_connection.html" />
</key>
<key name="Conflict policy" >
  <topic name="Set the server resource conflict policy" url="set_the_server_resource_conflict_policy.html" />
</key>
<key name="Contacting Jive Software" >
  <topic name="Other support resources" url="other_support_resources.html" />
</key>
<key name="Contents pane" >
  <topic name="Get around in the Messenger Admin Console" url="get_around_in_the_messenger_admin_console.html" />
</key>
<key name="Conversation logging batch size" >
  <topic name="Edit conversation logging settings" url="edit_conversation_logging_settings.html" />
</key>
<key name="Conversation logging settings" >
  <topic name="Edit conversation logging settings" url="edit_conversation_logging_settings.html" />
</key>
<key name="Creating group chat rooms" >
  <topic name="Create a group chat room" url="create_a_group_chat_room.html" />
</key>
<key name="Creating groups" >
  <topic name="Create a group" url="create_a_group.html" />
</key>
<key name="Creating users" >
  <topic name="Add users to the system" url="add_users_to_the_system.html" />
</key>
<key name="Current client sessions" >
  <topic name="View active client sessions" url="view_active_client_sessions.html" />
</key>
<key name="Current sessions" >
  <topic name="View active client sessions" url="view_active_client_sessions.html" />
  <topic name="View active server sessions" url="view_active_server_sessions.html" />
</key>
<key name="Database connection properties" >
  <topic name="View database connection properties" url="view_database_connection_properties.html" />
</key>
<key name="Database URL connection" >
  <topic name="View database connection properties" url="view_database_connection_properties.html" />
</key>
<key name="Debug log" >
  <topic name="Use the server logs" url="use_the_server_logs.html" />
</key>
<key name="Debugging the server" >
  <topic name="Use the server logs" url="use_the_server_logs.html" />
</key>
<key name="Deleting groups" >
  <topic name="Delete a group" url="delete_a_group.html" />
</key>
<key name="Deleting system plugins" >
  <topic name="Manage system plugins" url="manage_system_plugins.html" />
</key>
<key name="Deleting system properties" >
  <topic name="Manage system properties" url="manage_system_properties.html" />
</key>
<key name="Deleting users" >
  <topic name="Remove a user from the system" url="remove_a_user_from_the_system.html" />
</key>
<key name="Destroying group chat rooms" >
  <topic name="Delete a group chat room" url="delete_a_group_chat_room.html" />
</key>
<key name="Disabling anonymous login" >
  <topic name="Manage registration and login settings" url="manage_registration_and_login_settings.html" />
</key>
<key name="Disabling bug logging" >
  <topic name="Use the server logs" url="use_the_server_logs.html" />
</key>
<key name="Disabling roster sharing of groups" >
  <topic name="Remove a shared roster group from rosters" url="remove_a_shared_roster_group_from_rosters.html" />
</key>
<key name="Displaying chat history" >
  <topic name="Edit group chat history settings" url="edit_group_chat_history_settings.html" />
</key>
<key name="Displaying offline messages" >
  <topic name="Manage offline messages" url="manage_offline_messages.html" />
</key>
<key name="Domain names" >
  <topic name="View server settings" url="view_server_settings.html" />
</key>
<key name="Editing group chat history settings" >
  <topic name="Edit group chat history settings" url="edit_group_chat_history_settings.html" />
</key>
<key name="Editing system properties" >
  <topic name="Manage system properties" url="manage_system_properties.html" />
</key>
<key name="Email accounts" >
  <topic name="Set the server email account" url="set_the_server_email_account.html" />
</key>
<key name="Email host" >
  <topic name="Set the server email account" url="set_the_server_email_account.html" />
</key>
<key name="Enabling anonymous login" >
  <topic name="Manage registration and login settings" url="manage_registration_and_login_settings.html" />
</key>
<key name="Enabling bug logging" >
  <topic name="Use the server logs" url="use_the_server_logs.html" />
</key>
<key name="Enabling chat room moderation" >
  <topic name="Edit group chat room settings" url="edit_group_chat_room_settings.html" />
</key>
<key name="Enabling roster sharing of groups" >
  <topic name="Remove a shared roster group from rosters" url="remove_a_shared_roster_group_from_rosters.html" />
</key>
<key name="Enabling users to create server accounts" >
  <topic name="Manage registration and login settings" url="manage_registration_and_login_settings.html" />
</key>
<key name="Error log" >
  <topic name="Use the server logs" url="use_the_server_logs.html" />
</key>
<key name="Finding users in the Users/Groups tab" >
  <topic name="Search for a user" url="search_for_a_user.html" />
</key>
<key name="Flush interval" >
  <topic name="Edit conversation logging settings" url="edit_conversation_logging_settings.html" />
</key>
<key name="Getting started with Messenger" >
  <topic name="Get Started" url="get_started_jm.html" />
</key>
<key name="Group administrator" >
  <topic name="Edit group membership" url="edit_group_membership.html" />
</key>
<key name="Group chat conversation logging" >
  <topic name="Edit conversation logging settings" url="edit_conversation_logging_settings.html" />
</key>
<key name="Group chat history settings" >
  <topic name="Edit group chat history settings" url="edit_group_chat_history_settings.html" />
</key>
<key name="Group chat idle user settings" >
  <topic name="Edit idle user settings" url="edit_idle_user_settings.html" />
</key>
<key name="Group chat kick policy" >
  <topic name="Edit idle user settings" url="edit_idle_user_settings.html" />
</key>
<key name="Group chat room administration" >
  <topic name="Edit group chat room user permissions" url="edit_group_chat_room_user_permissions.html" />
</key>
<key name="Group chat room ID" >
  <topic name="Create a group chat room" url="create_a_group_chat_room.html" />
</key>
<key name="Group chat room name" >
  <topic name="Create a group chat room" url="create_a_group_chat_room.html" />
</key>
<key name="Group chat room passwords" >
  <topic name="Create a group chat room" url="create_a_group_chat_room.html" />
</key>
<key name="Group chat room summary" >
  <topic name="View group chat room summary" url="view_group_chat_room_summary.html" />
</key>
<key name="Group chat rooms" >
  <topic name="About managing group chats" url="about_managing_group_chats.html" />
  <key name="changing room options" >
    <topic name="Edit group chat room settings" url="edit_group_chat_room_settings.html" />
  </key>
  <key name="creating" >
    <topic name="Create a group chat room" url="create_a_group_chat_room.html" />
  </key>
  <key name="deleting" >
    <topic name="Delete a group chat room" url="delete_a_group_chat_room.html" />
  </key>
  <key name="editing settings" >
    <topic name="Edit group chat room settings" url="edit_group_chat_room_settings.html" />
  </key>
  <key name="editing user permissions" >
    <topic name="Edit group chat room user permissions" url="edit_group_chat_room_user_permissions.html" />
  </key>
  <key name="enabling conversation logging" >
    <topic name="Edit group chat room settings" url="edit_group_chat_room_settings.html" />
  </key>
  <key name="making moderated" >
    <topic name="Edit group chat room settings" url="edit_group_chat_room_settings.html" />
  </key>
  <key name="setting creation permissions" >
    <topic name="Set group chat room creation permissions" url="set_group_chat_room_creation_permissions.html" />
  </key>
  <key name="setting discussion topic" >
    <topic name="Create a group chat room" url="create_a_group_chat_room.html" />
  </key>
  <key name="setting maximum occupancy" >
    <topic name="Create a group chat room" url="create_a_group_chat_room.html" />
  </key>
  <key name="viewing summary of" >
    <topic name="View group chat room summary" url="view_group_chat_room_summary.html" />
  </key>
</key>
<key name="Group chat service administrators" >
  <topic name="Edit group chat service administrators" url="edit_group_chat_service_administrators.html" />
</key>
<key name="Group chat service properties" >
  <topic name="Edit group chat service properties" url="edit_group_chat_service_properties.html" />
</key>
<key name="Group chat settings" >
  <topic name="Group Chat Main Menu tab" url="group_chat_main_menu_tab.html" />
</key>
<key name="Group chats" >
  <topic name="About managing group chats" url="about_managing_group_chats.html" />
  <key name="editing history settings" >
    <topic name="Edit group chat history settings" url="edit_group_chat_history_settings.html" />
  </key>
  <key name="editing service properties" >
    <topic name="Edit group chat service properties" url="edit_group_chat_service_properties.html" />
  </key>
  <key name="logging conversations" >
    <topic name="Edit conversation logging settings" url="edit_conversation_logging_settings.html" />
  </key>
  <key name="removing administrators" >
    <topic name="Edit group chat service administrators" url="edit_group_chat_service_administrators.html" />
  </key>
  <key name="setting administrators for" >
    <topic name="Edit group chat service administrators" url="edit_group_chat_service_administrators.html" />
  </key>
  <key name="setting kick policy for" >
    <topic name="Edit idle user settings" url="edit_idle_user_settings.html" />
  </key>
</key>
<key name="Group description" >
  <topic name="Create a group" url="create_a_group.html" />
  <topic name="Edit group properties" url="edit_group_properties.html" />
</key>
<key name="Group display name" >
  <topic name="Create a shared roster group" url="create_a_shared_roster_group.html" />
</key>
<key name="Group name" >
  <topic name="Create a group" url="create_a_group.html" />
  <topic name="Edit group properties" url="edit_group_properties.html" />
</key>
<key name="Groups" >
  <topic name="About users and groups" url="about_users_and_groups.html" />
  <key name="adding to user rosters" >
    <topic name="Create a shared roster group" url="create_a_shared_roster_group.html" />
  </key>
  <key name="adding users" >
    <topic name="Edit group membership" url="edit_group_membership.html" />
  </key>
  <key name="changing names" >
    <topic name="Edit group properties" url="edit_group_properties.html" />
  </key>
  <key name="creating" >
    <topic name="Create a group" url="create_a_group.html" />
  </key>
  <key name="deleting" >
    <topic name="Delete a group" url="delete_a_group.html" />
  </key>
  <key name="deleting users" >
    <topic name="Edit group membership" url="edit_group_membership.html" />
  </key>
  <key name="editing properties" >
    <topic name="Edit group properties" url="edit_group_properties.html" />
  </key>
  <key name="removing from rosters" >
    <topic name="Remove a shared roster group from rosters" url="remove_a_shared_roster_group_from_rosters.html" />
  </key>
</key>
<key name="Help" >
  <topic name="Find what you want in Help" url="find_what_you_want_in_help.html" />
  <topic name="Other support resources" url="other_support_resources.html" />
</key>

</indexdata>
