<?xml version='1.0' encoding='windows-1252' ?>
<indexdata>
<key name="Active client sessions" >
  <topic name="View active client sessions" url="view_active_client_sessions.html" />
</key>
<key name="Active sessions" >
  <topic name="View active client sessions" url="view_active_client_sessions.html" />
  <topic name="View active server sessions" url="view_active_server_sessions.html" />
</key>
<key name="Adding a router class" >
  <topic name="Add a router class" url="add_a_router_class.html" />
</key>
<key name="Adding agents to agent groups" >
  <topic name="Edit agent group membership" url="edit_agent_group_membership.html" />
</key>
<key name="Adding global interceptor classes" >
  <topic name="Add a global interceptor class" url="add_a_global_interceptor_class.html" />
</key>
<key name="Adding routing algorithms" >
  <topic name="Configure global dispatcher settings" url="configure_global_dispatcher_settings.html" />
</key>
<key name="Adding security certificates" >
  <topic name="Manage security certificates" url="manage_security_certificates.html" />
</key>
<key name="Adding system properties" >
  <topic name="Manage system properties" url="manage_system_properties.html" />
</key>
<key name="Adding system users" >
  <topic name="Add users to the system" url="add_users_to_the_system.html" />
</key>
<key name="Adding users to group chat rooms" >
  <topic name="Edit group chat room user permissions" url="edit_group_chat_room_user_permissions.html" />
</key>
<key name="Adding users to the system" >
  <topic name="Add users to the system" url="add_users_to_the_system.html" />
</key>
<key name="Adding users to user groups" >
  <topic name="Create a group" url="create_a_group.html" />
</key>
<key name="Adding users to workgroups" >
  <topic name="Create a workgroup" url="create_a_workgroup.html" />
</key>
<key name="Admin Console port" >
  <topic name="Edit server properties" url="edit_server_properties.html" />
</key>
<key name="Advanced search" >
  <topic name="Advanced searching" url="advanced_searching.html" />
</key>
<key name="Agent application" >
  <topic name="Deploy the Agent application" url="deploy_the_agent_application.html" />
  <key name="deploying" >
    <topic name="Deploy the Agent application" url="deploy_the_agent_application.html" />
  </key>
  <key name="downloading and installing" >
    <topic name="Download and run the Agent Console installer" url="download_and_run_the_agent_console_installer.html" />
  </key>
  <key name="testing" >
    <topic name="Use Live Assistant for the first time" url="use_live_assistant_for_the_first_time.html" />
  </key>
</key>
<key name="Agent availability" >
  <topic name="View status of workgroup agents" url="view_status_of_workgroup_agents.html" />
</key>
<key name="Agent Console installer" >
  <topic name="Download and run the Agent Console installer" url="download_and_run_the_agent_console_installer.html" />
</key>
<key name="Agent group administrator" >
  <topic name="Edit agent group membership" url="edit_agent_group_membership.html" />
</key>
<key name="Agent group description" >
  <topic name="Create an agent group" url="create_an_angent_group.html" />
</key>
<key name="Agent groups" >
  <topic name="About agents and agent groups" url="about_agents_and_agent_groups.html" />
  <key name="adding members to" >
    <topic name="Edit agent group membership" url="edit_agent_group_membership.html" />
  </key>
  <key name="adding to queues" >
    <topic name="Add agent groups to a queue" url="add_agent_groups_to_a_queue.html" />
  </key>
  <key name="creating" >
    <topic name="Create an agent group" url="create_an_angent_group.html" />
  </key>
  <key name="deleting" >
    <topic name="Delete an agent group" url="delete_an_agent_group.html" />
  </key>
  <key name="removing from queues" >
    <topic name="Remove agents from a queue" url="remove_agents_from_a_queue.html" />
  </key>
  <key name="removing members from" >
    <topic name="Edit agent group membership" url="edit_agent_group_membership.html" />
  </key>
</key>
<key name="Agent names" >
  <topic name="Edit global workgroup settings" url="edit_global_workgroup_settings.html" />
</key>
<key name="Agent status" >
  <topic name="View status of workgroup agents" url="view_status_of_workgroup_agents.html" />
</key>
<key name="Agents" >
  <topic name="About agents and agent groups" url="about_agents_and_agent_groups.html" />
  <key name="adding to queues" >
    <topic name="Add agents to a queue" url="add_agents_to_a_queue.html" />
  </key>
  <key name="removing from queues" >
    <topic name="Remove agents from a queue" url="remove_agents_from_a_queue.html" />
  </key>
</key>
<key name="Algorithms" >
  <topic name="Configure global dispatcher settings" url="configure_global_dispatcher_settings.html" />
</key>
<key name="Alternate Room address" >
  <topic name="Delete a group chat room" url="delete_a_group_chat_room.html" />
</key>
<key name="Anonymous login" >
  <topic name="Manage registration and login settings" url="manage_registration_and_login_settings.html" />
</key>
<key name="Applying interceptors" >
  <topic name="Edit or uninstall an interceptor" url="edit_or_uninstall_an_interceptor.html" />
</key>
<key name="Applying routers" >
  <topic name="Edit or uninstall a workgroup router" url="edit_or_uninstall_a_workgroup_router.html" />
</key>
<key name="Auditing XMPP server traffic" >
  <topic name="Set server traffic auditing policy" url="set_server_traffic_auditing_policy.html" />
</key>
<key name="Available routers" >
  <topic name="Install a router for a workgroup" url="install_a_router_for_a_workgroup.html" />
</key>
<key name="Banning users from group chat rooms" >
  <topic name="Edit group chat room user permissions" url="edit_group_chat_room_user_permissions.html" />
</key>
<key name="Broadcasting chat room presence" >
  <topic name="Create a group chat room" url="create_a_group_chat_room.html" />
</key>
<key name="Canned messages" >
  <topic name="Add canned responses to a workgroup" url="add_canned_responses_to_a_workgroup.html" />
</key>
<key name="Canned response messages" >
  <topic name="Add canned responses to a workgroup" url="add_canned_responses_to_a_workgroup.html" />
</key>
<key name="Canned responses" >
  <topic name="Add canned responses to a workgroup" url="add_canned_responses_to_a_workgroup.html" />
  <topic name="Edit or delete canned responses" url="edit_or_delete_canned_responses.html" />
</key>
<key name="Censoring incoming packets" >
  <topic name="Install a global interceptor" url="install_a_global_interceptor.html" />
  <topic name="Install an interceptor for a workgroup" url="install_an_interceptor_for_a_workgroup.html" />
</key>
<key name="Changing user passwords" >
  <topic name="Change a user password" url="change_a_user_password.html" />
</key>
<key name="Chat request acceptance time limit" >
  <topic name="Edit global workgroup settings" url="edit_global_workgroup_settings.html" />
  <key name="for global workgroup settings" >
    <topic name="Edit global workgroup settings" url="edit_global_workgroup_settings.html" />
  </key>
  <key name="for specific queues" >
    <topic name="Edit queue properties" url="edit_queue_properties.html" />
  </key>
  <key name="for specific workgroups" >
    <topic name="Edit workgroup properties" url="edit_workgroup_properties.html" />
  </key>
</key>
<key name="Chat request expiration" >
  <topic name="Edit queue properties" url="edit_queue_properties.html" />
</key>
<key name="Chat room  presence" >
  <topic name="Create a group chat room" url="create_a_group_chat_room.html" />
</key>
<key name="Chat room name" >
  <topic name="Create a group chat room" url="create_a_group_chat_room.html" />
</key>
<key name="Chat room occupant JID" >
  <topic name="Create a group chat room" url="create_a_group_chat_room.html" />
</key>
<key name="Chat room occupants" >
  <topic name="Create a group chat room" url="create_a_group_chat_room.html" />
</key>
<key name="Chat room passwords" >
  <topic name="Create a group chat room" url="create_a_group_chat_room.html" />
</key>
<key name="Chat Room text" >
  <topic name="About Webchat forms" url="about_the_webchat_form.html" />
  <topic name="Edit form text" url="edit_form_text.html" />
</key>
<key name="Chat service name" >
  <topic name="Edit group chat service properties" url="edit_group_chat_service_properties.html" />
</key>
<key name="Chat session maximum" >
  <topic name="Edit global workgroup settings" url="edit_global_workgroup_settings.html" />
  <topic name="Edit workgroup properties" url="edit_workgroup_properties.html" />
</key>
<key name="Chat session minimum" >
  <topic name="Edit global workgroup settings" url="edit_global_workgroup_settings.html" />
  <topic name="Edit workgroup properties" url="edit_workgroup_properties.html" />
</key>
<key name="Chat session reports" >
  <topic name="View chat transcript reports for a workgroup" url="view_chat_transcript_reports_for_a_workgroup.html" />
</key>
<key name="Chat session test" >
  <topic name="Run a test chat session" url="run_a_test_chat_session.html" />
</key>
<key name="Chat session transcripts" >
  <topic name="View chat transcript reports for a workgroup" url="view_chat_transcript_reports_for_a_workgroup.html" />
</key>
<key name="Chat sessions" >
  <topic name="Run a test chat session" url="run_a_test_chat_session.html" />
  <key name="maximum allowed per agent" >
    <topic name="Edit global workgroup settings" url="edit_global_workgroup_settings.html" />
    <topic name="Edit workgroup properties" url="edit_workgroup_properties.html" />
  </key>
  <key name="minimum allowed per agent" >
    <topic name="Edit global workgroup settings" url="edit_global_workgroup_settings.html" />
    <topic name="Edit workgroup properties" url="edit_workgroup_properties.html" />
  </key>
  <key name="running a test" >
    <topic name="Run a test chat session" url="run_a_test_chat_session.html" />
  </key>
</key>
<key name="Chat statistics" >
  <topic name="View workgroup usage reports" url="view_workgroup_usage_reports.html" />
</key>
<key name="Chat transcripts" >
  <topic name="View chat transcript reports for a workgroup" url="view_chat_transcript_reports_for_a_workgroup.html" />
</key>
<key name="Chat window" >
  <topic name="Chat window" url="chat_window.html" />
</key>
<key name="Chat window tools pane" >
  <topic name="Chat window" url="chat_window.html" />
</key>
<key name="Chatbot" >
  <topic name="Configure Chatbot settings" url="configure_chatbot_settings.html" />
  <topic name="Enable or disable Chatbot" url="enable_or_disable_chatbot.html" />
</key>
<key name="Chatbot session idle settings" >
  <topic name="Configure Chatbot settings" url="configure_chatbot_settings.html" />
</key>
<key name="Clearing server logs" >
  <topic name="Use the server logs" url="use_the_server_logs.html" />
</key>
<key name="Client sessions" >
  <topic name="View active client sessions" url="view_active_client_sessions.html" />
</key>
<key name="Closing a workgroup" >
  <topic name="Open and close a workgroup manually" url="open_and_close_a_workgroup_manually.html" />
  <topic name="Set a schedule for a workgroup" url="set_a_schedule_for_a_workgroup.html" />
</key>
<key name="Closing session connections" >
  <topic name="Close a session connection" url="close_a_client_session_connection.html" />
</key>
<key name="Configuring Chatbot" >
  <topic name="Configure Chatbot settings" url="configure_chatbot_settings.html" />
</key>
<key name="Configuring Live Assistant" >
  <topic name="Use Live Assistant for the first time" url="use_live_assistant_for_the_first_time.html" />
</key>
<key name="Conflict policy" >
  <topic name="Set the server resource conflict policy" url="set_the_server_resource_conflict_policy.html" />
</key>
<key name="Contacting Jive Software" >
  <topic name="Other support resources" url="other_support_resources.html" />
</key>
<key name="Contents pane" >
  <topic name="Get around in the Admin Console" url="get_around_in_the_admin_console.html" />
</key>
<key name="Conversation logging batch size" >
  <topic name="Edit conversation logging settings" url="edit_conversation_logging_settings.html" />
</key>
<key name="Conversation logging settings" >
  <topic name="Edit conversation logging settings" url="edit_conversation_logging_settings.html" />
</key>
<key name="Creating agent groups" >
  <topic name="Create an agent group" url="create_an_angent_group.html" />
</key>
<key name="Creating agents" >
  <topic name="Add agents to a queue" url="add_agents_to_a_queue.html" />
  <topic name="Create a workgroup" url="create_a_workgroup.html" />
</key>
<key name="Creating group chat rooms" >
  <topic name="Create a group chat room" url="create_a_group_chat_room.html" />
</key>
<key name="Creating groups" >
  <topic name="Create a group" url="create_a_group.html" />
</key>
<key name="Creating user groups" >
  <topic name="Create a group" url="create_a_group.html" />
</key>
<key name="Creating users" >
  <topic name="Add users to the system" url="add_users_to_the_system.html" />
</key>
<key name="Creating workgroup queues" >
  <topic name="Create a queue" url="create_a_queue.html" />
</key>
<key name="Creating workgroup users" >
  <topic name="Add agents to a queue" url="add_agents_to_a_queue.html" />
</key>
<key name="Creating workgroups" >
  <topic name="Create a workgroup" url="create_a_workgroup.html" />
</key>
<key name="Current client sessions" >
  <topic name="View active client sessions" url="view_active_client_sessions.html" />
</key>
<key name="Current interceptors" >
  <topic name="Edit or uninstall an interceptor" url="edit_or_uninstall_an_interceptor.html" />
</key>
<key name="Current sessions" >
  <topic name="View active client sessions" url="view_active_client_sessions.html" />
  <topic name="View active server sessions" url="view_active_server_sessions.html" />
</key>
<key name="Custom interceptors" >
  <topic name="Add an interceptor class" url="add_an_interceptor_class.html" />
</key>
<key name="Customizing form fields" >
  <topic name="Create a custom form field" url="create_a_custom_form_field.html" />
</key>

</indexdata>
