<?xml version='1.0' encoding='windows-1252' ?>
<indexdata>
<key name="Queues" >
  <topic name="About workgroups and queues" url="about_workgroups_and_queues.html" />
  <key name="adding agent groups to" >
    <topic name="Add agent groups to a queue" url="add_agent_groups_to_a_queue.html" />
  </key>
  <key name="adding agents to" >
    <topic name="Add agents to a queue" url="add_agents_to_a_queue.html" />
  </key>
  <key name="creating" >
    <topic name="Create a queue" url="create_a_queue.html" />
  </key>
  <key name="deleting" >
    <topic name="Delete a queue" url="delete_a_queue.html" />
  </key>
  <key name="removing agents from" >
    <topic name="Remove agents from a queue" url="remove_agents_from_a_queue.html" />
  </key>
  <key name="renaming" >
    <topic name="Edit queue properties" url="edit_queue_properties.html" />
  </key>
  <key name="setting overflow policy for" >
    <topic name="Set queue overflow policy" url="set_queue_overflow_policy.html" />
  </key>
  <key name="setting timeout properties for" >
    <topic name="Edit queue properties" url="edit_queue_properties.html" />
  </key>
</key>
<key name="Quick start" >
  <topic name="Get started" url="get_started.html" />
</key>
<key name="Realms" >
  <topic name="Edit or uninstall an interceptor" url="edit_or_uninstall_an_interceptor.html" />
  <topic name="Install an interceptor for a workgroup" url="install_an_interceptor_for_a_workgroup.html" />
</key>
<key name="Registration settings" >
  <topic name="Manage registration and login settings" url="manage_registration_and_login_settings.html" />
</key>
<key name="Rejecting incoming chat requests" >
  <topic name="Install an interceptor for a workgroup" url="install_an_interceptor_for_a_workgroup.html" />
</key>
<key name="Removing agent groups from queues" >
  <topic name="Remove agents from a queue" url="remove_agents_from_a_queue.html" />
</key>
<key name="Removing agents from agent groups" >
  <topic name="Edit agent group membership" url="edit_agent_group_membership.html" />
</key>
<key name="Removing agents from queues" >
  <topic name="Remove agents from a queue" url="remove_agents_from_a_queue.html" />
</key>
<key name="Removing system users" >
  <topic name="Remove a user from the system" url="remove_a_user_from_the_system.html" />
</key>
<key name="Removing users from group chat rooms" >
  <topic name="Edit group chat room user permissions" url="edit_group_chat_room_user_permissions.html" />
</key>
<key name="Renaming workgroup queues" >
  <topic name="Edit queue properties" url="edit_queue_properties.html" />
</key>
<key name="Reply box" >
  <topic name="Chat window" url="chat_window.html" />
</key>
<key name="Reports" >
  <topic name="View chat transcript reports for a workgroup" url="view_chat_transcript_reports_for_a_workgroup.html" />
  <topic name="View workgroup usage reports" url="view_workgroup_usage_reports.html" />
</key>
<key name="Repository settings" >
  <topic name="Specify Jive repository settings for a workgroup" url="specify_search_settings_for_workgroup.html" />
</key>
<key name="Request timeouts" >
  <topic name="Edit global workgroup settings" url="edit_global_workgroup_settings.html" />
  <key name="edit for specific queues" >
    <topic name="Edit queue properties" url="edit_queue_properties.html" />
  </key>
  <key name="edit global" >
    <topic name="Edit global workgroup settings" url="edit_global_workgroup_settings.html" />
  </key>
  <key name="edit specific workgroup" >
    <topic name="Edit workgroup properties" url="edit_workgroup_properties.html" />
  </key>
</key>
<key name="Resource conflict policy" >
  <topic name="Set the server resource conflict policy" url="set_the_server_resource_conflict_policy.html" />
</key>
<key name="Response categories" >
  <topic name="Edit or delete canned responses" url="edit_or_delete_canned_responses.html" />
</key>
<key name="Response messages" >
  <topic name="Edit or delete canned responses" url="edit_or_delete_canned_responses.html" />
</key>
<key name="Restarting system plugins" >
  <topic name="Manage system plugins" url="manage_system_plugins.html" />
</key>
<key name="Restarting the server" >
  <topic name="Restart the server" url="restart_the_server.html" />
</key>
<key name="Restoring server defaults" >
  <topic name="Edit server properties" url="edit_server_properties.html" />
</key>
<key name="Room creation permissions" >
  <topic name="Set group chat room creation permissions" url="set_group_chat_room_creation_permissions.html" />
</key>
<key name="Rosters" >
  <topic name="Create a shared roster group" url="create_a_shared_roster_group.html" />
  <topic name="Remove a shared roster group from rosters" url="remove_a_shared_roster_group_from_rosters.html" />
</key>
<key name="Router classes" >
  <topic name="Add a router class" url="add_a_router_class.html" />
</key>
<key name="Routers" >
  <topic name="Install a router for a workgroup" url="install_a_router_for_a_workgroup.html" />
  <key name="defining" >
    <topic name="Define a router" url="define_a_router.html" />
  </key>
  <key name="editing" >
    <topic name="Edit or uninstall a workgroup router" url="edit_or_uninstall_a_workgroup_router.html" />
  </key>
  <key name="installing classes" >
    <topic name="Add a router class" url="add_a_router_class.html" />
  </key>
  <key name="installing for workgroup" >
    <topic name="Install a router for a workgroup" url="install_a_router_for_a_workgroup.html" />
  </key>
  <key name="uninstalling workgroup" >
    <topic name="Edit or uninstall a workgroup router" url="edit_or_uninstall_a_workgroup_router.html" />
  </key>
</key>
<key name="Routing algorithms" >
  <topic name="Configure global dispatcher settings" url="configure_global_dispatcher_settings.html" />
</key>
<key name="Routing incoming chat requests" >
  <topic name="Configure global dispatcher settings" url="configure_global_dispatcher_settings.html" />
</key>
<key name="Routing keywords" >
  <topic name="Define a router" url="define_a_router.html" />
</key>
<key name="Routing offline IM messages" >
  <topic name="Manage offline messages" url="manage_offline_messages.html" />
</key>
<key name="Routing refused chat requests" >
  <topic name="Edit queue properties" url="edit_queue_properties.html" />
</key>
<key name="Routing rules" >
  <topic name="About workgroups and queues" url="about_workgroups_and_queues.html" />
  <key name="define routers for" >
    <topic name="Define a router" url="define_a_router.html" />
  </key>
  <key name="using forms in" >
    <topic name="Create a form" url="create_a_form.html" />
  </key>
</key>
<key name="Routing rules for queues" >
  <topic name="Define a router" url="define_a_router.html" />
</key>
<key name="Running a test chat session" >
  <topic name="Run a test chat session" url="run_a_test_chat_session.html" />
</key>
<key name="Scheduling workgroup hours" >
  <topic name="Set a schedule for a workgroup" url="set_a_schedule_for_a_workgroup.html" />
</key>
<key name="Search repositories" >
  <topic name="Specify search settings for a workgroup" url="specify_search_settings_for_workgroup.html" />
</key>
<key name="Search settings" >
  <topic name="Specify search settings for a workgroup" url="specify_search_settings_for_workgroup.html" />
</key>
<key name="Searching for users" >
  <topic name="Advanced searching" url="advanced_searching.html" />
  <topic name="Search for a user" url="search_for_a_user.html" />
</key>
<key name="Secure Admin Console port" >
  <topic name="Edit server properties" url="edit_server_properties.html" />
</key>
<key name="Security certificates" >
  <topic name="Manage security certificates" url="manage_security_certificates.html" />
</key>
<key name="Security protocol" >
  <topic name="View server settings" url="view_server_settings.html" />
</key>
<key name="Sending admin messages to session participants" >
  <topic name="Send an administrative message to users" url="send_an_administrative_message_to_users.html" />
</key>
<key name="Server" >
  <topic name="Restart the server" url="restart_the_server.html" />
  <topic name="Stop the server" url="stop_the_server.html" />
</key>
<key name="Server accounts" >
  <topic name="Manage registration and login settings" url="manage_registration_and_login_settings.html" />
</key>
<key name="Server audit settings" >
  <topic name="Set server traffic auditing policy" url="set_server_traffic_auditing_policy.html" />
</key>
<key name="Server auditing" >
  <topic name="Set server traffic auditing policy" url="set_server_traffic_auditing_policy.html" />
</key>
<key name="Server email" >
  <topic name="Set the server email account" url="set_the_server_email_account.html" />
</key>
<key name="Server kick policy" >
  <topic name="Set the server resource conflict policy" url="set_the_server_resource_conflict_policy.html" />
</key>
<key name="Server locale" >
  <topic name="View server settings" url="view_server_settings.html" />
</key>
<key name="Server logs" >
  <topic name="Use the server logs" url="use_the_server_logs.html" />
</key>
<key name="Server memory" >
  <topic name="View server settings" url="view_server_settings.html" />
</key>
<key name="Server name" >
  <topic name="Edit server properties" url="edit_server_properties.html" />
  <topic name="View server settings" url="view_server_settings.html" />
</key>
<key name="Server port" >
  <topic name="Edit server properties" url="edit_server_properties.html" />
</key>
<key name="Server port address" >
  <topic name="View server settings" url="view_server_settings.html" />
</key>
<key name="Server properties" >
  <topic name="Edit server properties" url="edit_server_properties.html" />
</key>
<key name="Server registration and login settings" >
  <topic name="Manage registration and login settings" url="manage_registration_and_login_settings.html" />
</key>
<key name="Server resource conflict policy" >
  <topic name="Set the server resource conflict policy" url="set_the_server_resource_conflict_policy.html" />
</key>
<key name="Server sessions" >
  <topic name="View server sessions" url="view_active_server_sessions.html" />
</key>
<key name="Server space for user data" >
  <topic name="Set private data storage policy" url="set_private_data_storage_policy.html" />
</key>
<key name="Server start time" >
  <topic name="View server settings" url="view_server_settings.html" />
</key>
<key name="Server traffic" >
  <topic name="Set server traffic auditing policy" url="set_server_traffic_auditing_policy.html" />
</key>
<key name="Server version" >
  <topic name="View server settings" url="view_server_settings.html" />
</key>
<key name="Session administration messages" >
  <topic name="Send an administrative message to users" url="send_an_administrative_message_to_users.html" />
</key>
<key name="Session connections" >
  <topic name="Close a session connection" url="close_a_client_session_connection.html" />
</key>
<key name="Setting conversation logging" >
  <topic name="Edit conversation logging settings" url="edit_conversation_logging_settings.html" />
</key>
<key name="Setting up Live Assistant" >
  <topic name="Use Live Assistant for the first time" url="use_live_assistant_for_the_first_time.html" />
</key>
<key name="Setting up the Agent application" >
  <topic name="Deploy the Agent application" url="deploy_the_agent_application.html" />
</key>
<key name="Setting up the Webchat Client" >
  <topic name="Deploy the Webchat Client application" url="deploy_the_webchat_client_application.html" />
</key>
<key name="Shared rosters groups" >
  <topic name="Create a shared roster group" url="create_a_shared_roster_group.html" />
  <topic name="Remove a shared roster group from rosters" url="remove_a_shared_roster_group_from_rosters.html" />
</key>
<key name="Sidebar pane" >
  <topic name="Get around in the Admin Console" url="get_around_in_the_admin_console.html" />
</key>
<key name="SMTP" >
  <topic name="Set an offline policy for a workgroup" url="set_an_offline_policy_for_a_workgroup.html" />
  <topic name="Set the server email account" url="set_the_server_email_account.html" />
</key>
<key name="SSL port" >
  <topic name="Edit server properties" url="edit_server_properties.html" />
</key>
<key name="SSL settings" >
  <topic name="Manage security certificates" url="manage_security_certificates.html" />
</key>
<key name="Stopping the server" >
  <topic name="Stop the server" url="stop_the_server.html" />
</key>
<key name="Storing offline messages" >
  <topic name="Manage offline messages" url="manage_offline_messages.html" />
</key>
<key name="Support resources" >
  <topic name="Find what you want in Help" url="find_what_you_want_in_help.html" />
</key>
<key name="Support websites" >
  <topic name="Other support resources" url="other_support_resources.html" />
</key>
<key name="System plugins" >
  <topic name="Manage system plugins" url="manage_system_plugins.html" />
</key>
<key name="System properties" >
  <topic name="Manage system properties" url="manage_system_properties.html" />
</key>
<key name="System users" >
  <topic name="About users and groups" url="about_users_and_groups.html" />
  <key name="adding" >
    <topic name="Add users to the system" url="add_users_to_the_system.html" />
  </key>
  <key name="removing" >
    <topic name="Remove a user from the system" url="remove_a_user_from_the_system.html" />
  </key>
</key>
<key name="Test chat session" >
  <topic name="Run a test chat session" url="run_a_test_chat_session.html" />
</key>
<key name="Testing server email connections" >
  <topic name="Set the server email account" url="set_the_server_email_account.html" />
</key>
<key name="Transaction isolation level" >
  <topic name="View database connection properties" url="view_database_connection_properties.html" />
</key>
<key name="Transaction support" >
  <topic name="View database connection properties" url="view_database_connection_properties.html" />
</key>
<key name="Transcript email message" >
  <topic name="Set header and message text for transcript emails" url="set_header_and_message_text_for_transcript_emails.html" />
</key>

</indexdata>
