<?xml version='1.0' encoding='windows-1252' ?>
<indexdata>
<key name="Idle user settings" >
  <topic name="Edit idle user settings" url="edit_idle_user_settings.html" />
</key>
<key name="Inband login accounts" >
  <topic name="Manage registration and login settings" url="manage_registration_and_login_settings.html" />
</key>
<key name="Info log" >
  <topic name="Use the server logs" url="use_the_server_logs.html" />
</key>
<key name="Installing security certificates" >
  <topic name="Manage security certificates" url="manage_security_certificates.html" />
</key>
<key name="JDBC driver" >
  <topic name="View database connection properties" url="view_database_connection_properties.html" />
</key>
<key name="Jive Software support" >
  <topic name="Other support resources" url="other_support_resources.html" />
</key>
<key name="Kick policy for server" >
  <topic name="Set the server resource conflict policy" url="set_the_server_resource_conflict_policy.html" />
</key>
<key name="Limiting chat history messages" >
  <topic name="Edit group chat history settings" url="edit_group_chat_history_settings.html" />
</key>
<key name="Log refresh rate" >
  <topic name="Use the server logs" url="use_the_server_logs.html" />
</key>
<key name="Logging out" >
  <topic name="Get around in the Wildfire Admin Console" url="get_around_in_the_wildfire_admin_console.html" />
</key>
<key name="Login settings" >
  <topic name="Manage registration and login settings" url="manage_registration_and_login_settings.html" />
</key>
<key name="Main menu tabs" >
  <topic name="Get around in the Wildfire Admin Console" url="get_around_in_the_wildfire_admin_console.html" />
</key>
<key name="Managing server registration" >
  <topic name="Manage registration and login settings" url="manage_registration_and_login_settings.html" />
</key>
<key name="Managing the server" >
  <topic name="About the server" url="about_the_server.html" />
</key>
<key name="Message audit policy" >
  <topic name="Set server traffic auditing policy" url="set_server_traffic_auditing_policy.html" />
</key>
<key name="Wildfire Admin Console" >
  <topic name="Get around in the Wildfire Admin Console" url="get_around_in_the_wildfire_admin_console.html" />
</key>
<key name="Wildfire Admin Console overview" >
  <topic name="About the Wildfire Admin Console" url="about_the_wildfire_admin_console.html" />
</key>
<key name="Moderating group chat rooms" >
  <topic name="Edit group chat room settings" url="edit_group_chat_room_settings.html" />
</key>
<key name="Offline message file size" >
  <topic name="Manage offline messages" url="manage_offline_messages.html" />
</key>
<key name="Offline message policy" >
  <topic name="Manage offline messages" url="manage_offline_messages.html" />
</key>
<key name="Offline messages" >
  <topic name="Manage offline messages" url="manage_offline_messages.html" />
</key>
<key name="Online support resources" >
  <topic name="Other support resources" url="other_support_resources.html" />
</key>
<key name="Password protecting group chat rooms" >
  <topic name="Create a group chat room" url="create_a_group_chat_room.html" />
</key>
<key name="Passwords" >
  <topic name="Manage registration and login settings" url="manage_registration_and_login_settings.html" />
  <key name="changing user" >
    <topic name="Change a user password" url="change_a_user_password.html" />
  </key>
  <key name="creating for group chat room" >
    <topic name="Create a group chat room" url="create_a_group_chat_room.html" />
    <topic name="Set the server email account" url="set_the_server_email_account.html" />
  </key>
  <key name="enabling users to change" >
    <topic name="Manage registration and login settings" url="manage_registration_and_login_settings.html" />
  </key>
  <key name="setting for server email" >
    <topic name="Set the server email account" url="set_the_server_email_account.html" />
  </key>
</key>
<key name="Private data storage policy" >
  <topic name="Set private data storage policy" url="set_private_data_storage_policy.html" />
</key>
<key name="Registration settings" >
  <topic name="Manage registration and login settings" url="manage_registration_and_login_settings.html" />
</key>
<key name="Removing system users" >
  <topic name="Remove a user from the system" url="remove_a_user_from_the_system.html" />
</key>
<key name="Removing users from group chat rooms" >
  <topic name="Edit group chat room user permissions" url="edit_group_chat_room_user_permissions.html" />
</key>
<key name="Resource conflict policy" >
  <topic name="Set the server resource conflict policy" url="set_the_server_resource_conflict_policy.html" />
</key>
<key name="Restarting system plugins" >
  <topic name="Manage system plugins" url="manage_system_plugins.html" />
</key>
<key name="Restarting the server" >
  <topic name="Restart the server" url="restart_the_server.html" />
</key>
<key name="Restoring server defaults" >
  <topic name="Edit server properties" url="edit_server_properties.html" />
</key>
<key name="Room creation permissions" >
  <topic name="Set group chat room creation permissions" url="set_group_chat_room_creation_permissions.html" />
</key>
<key name="Rosters" >
  <topic name="Create a shared roster group" url="create_a_shared_roster_group.html" />
  <topic name="Remove a shared roster group from rosters" url="remove_a_shared_roster_group_from_rosters.html" />
</key>
<key name="Routing offline IM messages" >
  <topic name="Manage offline messages" url="manage_offline_messages.html" />
</key>
<key name="Searching for users" >
  <topic name="Advanced searching" url="advanced_searching.html" />
  <topic name="Search for a user" url="search_for_a_user.html" />
</key>
<key name="Secure Admin Console port" >
  <topic name="Edit server properties" url="edit_server_properties.html" />
</key>
<key name="Security certificates" >
  <topic name="Manage security certificates" url="manage_security_certificates.html" />
</key>
<key name="Security protocol" >
  <topic name="View server settings" url="view_server_settings.html" />
</key>
<key name="Sending admin messages to session participants" >
  <topic name="Send an administrative message to users" url="send_an_administrative_message_to_users.html" />
</key>
<key name="Server" >
  <topic name="Restart the server" url="restart_the_server.html" />
  <topic name="Stop the server" url="stop_the_server.html" />
</key>
<key name="Server accounts" >
  <topic name="Manage registration and login settings" url="manage_registration_and_login_settings.html" />
</key>
<key name="Server audit settings" >
  <topic name="Set server traffic auditing policy" url="set_server_traffic_auditing_policy.html" />
</key>
<key name="Server auditing" >
  <topic name="Set server traffic auditing policy" url="set_server_traffic_auditing_policy.html" />
</key>
<key name="Server email" >
  <topic name="Set the server email account" url="set_the_server_email_account.html" />
</key>
<key name="Server kick policy" >
  <topic name="Set the server resource conflict policy" url="set_the_server_resource_conflict_policy.html" />
</key>
<key name="Server locale" >
  <topic name="View server settings" url="view_server_settings.html" />
</key>
<key name="Server logs" >
  <topic name="Use the server logs" url="use_the_server_logs.html" />
</key>
<key name="Server memory" >
  <topic name="View server settings" url="view_server_settings.html" />
</key>
<key name="Server name" >
  <topic name="Edit server properties" url="edit_server_properties.html" />
  <topic name="View server settings" url="view_server_settings.html" />
</key>
<key name="Server port" >
  <topic name="Edit server properties" url="edit_server_properties.html" />
</key>
<key name="Server port address" >
  <topic name="View server settings" url="view_server_settings.html" />
</key>
<key name="Server properties" >
  <topic name="Edit server properties" url="edit_server_properties.html" />
</key>
<key name="Server registration and login settings" >
  <topic name="Manage registration and login settings" url="manage_registration_and_login_settings.html" />
</key>
<key name="Server resource conflict policy" >
  <topic name="Set the server resource conflict policy" url="set_the_server_resource_conflict_policy.html" />
</key>
<key name="Server sessions" >
  <topic name="View server sessions" url="view_active_server_sessions.html" />
</key>
<key name="Server space for user data" >
  <topic name="Set private data storage policy" url="set_private_data_storage_policy.html" />
</key>
<key name="Server start time" >
  <topic name="View server settings" url="view_server_settings.html" />
</key>
<key name="Server traffic" >
  <topic name="Set server traffic auditing policy" url="set_server_traffic_auditing_policy.html" />
</key>
<key name="Server version" >
  <topic name="View server settings" url="view_server_settings.html" />
</key>
<key name="Session administration messages" >
  <topic name="Send an administrative message to users" url="send_an_administrative_message_to_users.html" />
</key>
<key name="Session connections" >
  <topic name="Close a client session connection" url="close_a_client_session_connection.html" />
</key>
<key name="Setting conversation logging" >
  <topic name="Edit conversation logging settings" url="edit_conversation_logging_settings.html" />
</key>
<key name="Shared rosters groups" >
  <topic name="Create a shared roster group" url="create_a_shared_roster_group.html" />
  <topic name="Remove a shared roster group from rosters" url="remove_a_shared_roster_group_from_rosters.html" />
</key>
<key name="Sidebar pane" >
  <topic name="Get around in the Wildfire Admin Console" url="get_around_in_the_wildfire_admin_console.html" />
</key>
<key name="SMTP" >
  <topic name="Set the server email account" url="set_the_server_email_account.html" />
</key>
<key name="SSL port" >
  <topic name="Edit server properties" url="edit_server_properties.html" />
</key>
<key name="SSL settings" >
  <topic name="Manage security certificates" url="manage_security_certificates.html" />
</key>
<key name="Stopping the server" >
  <topic name="Stop the server" url="stop_the_server.html" />
</key>
<key name="Storing offline messages" >
  <topic name="Manage offline messages" url="manage_offline_messages.html" />
</key>
<key name="Support resources" >
  <topic name="Find what you want in Help" url="find_what_you_want_in_help.html" />
</key>
<key name="Support websites" >
  <topic name="Other support resources" url="other_support_resources.html" />
</key>
<key name="System plugins" >
  <topic name="Manage system plugins" url="manage_system_plugins.html" />
</key>
<key name="System properties" >
  <topic name="Manage system properties" url="manage_system_properties.html" />
</key>
<key name="System users" >
  <topic name="About users and groups" url="about_users_and_groups.html" />
  <key name="adding" >
    <topic name="Add users to the system" url="add_users_to_the_system.html" />
  </key>
  <key name="removing" >
    <topic name="Remove a user from the system" url="remove_a_user_from_the_system.html" />
  </key>
</key>
<key name="Testing server email connections" >
  <topic name="Set the server email account" url="set_the_server_email_account.html" />
</key>
<key name="Testing the server" >
  <topic name="Get Started" url="get_started_jm.html" />
</key>
<key name="Transaction isolation level" >
  <topic name="View database connection properties" url="view_database_connection_properties.html" />
</key>
<key name="Transaction support" >
  <topic name="View database connection properties" url="view_database_connection_properties.html" />
</key>
<key name="Troubleshooting" >
  <topic name="Use the server logs" url="use_the_server_logs.html" />
</key>
<key name="Uninstalling security certificates" >
  <topic name="Manage security certificates" url="manage_security_certificates.html" />
</key>
<key name="User data storage" >
  <topic name="Set private data storage policy" url="set_private_data_storage_policy.html" />
</key>
<key name="User email address" >
  <topic name="Edit user properties" url="edit_user_properties.html" />
</key>
<key name="User groups" >
  <topic name="About users and groups" url="about_users_and_groups.html" />
  <key name="deleting" >
    <topic name="Delete a group" url="delete_a_group.html" />
  </key>
  <key name="editing properties" >
    <topic name="Edit group properties" url="edit_group_properties.html" />
  </key>
</key>
<key name="User name" >
  <topic name="Edit user properties" url="edit_user_properties.html" />
</key>
<key name="User passwords" >
  <topic name="Change a user password" url="change_a_user_password.html" />
  <topic name="Manage registration and login settings" url="manage_registration_and_login_settings.html" />
</key>
<key name="User personal settings" >
  <topic name="Set private data storage policy" url="set_private_data_storage_policy.html" />
</key>
<key name="Username" >
  <topic name="Add users to the system" url="add_users_to_the_system.html" />
  <topic name="Edit user properties" url="edit_user_properties.html" />
</key>
<key name="Users" >
  <topic name="About users and groups" url="about_users_and_groups.html" />
  <key name="adding to groups" >
    <topic name="Create a group" url="create_a_group.html" />
  </key>
  <key name="adding to the system" >
    <topic name="Add users to the system" url="add_users_to_the_system.html" />
  </key>
  <key name="changing password" >
    <topic name="Change a user password" url="change_a_user_password.html" />
  </key>
  <key name="editing properties" >
    <topic name="Edit user properties" url="edit_user_properties.html" />
  </key>
  <key name="removing from groups" >
    <topic name="Edit group membership" url="edit_group_membership.html" />
  </key>
  <key name="removing from system" >
    <topic name="Remove a user from the system" url="remove_a_user_from_the_system.html" />
  </key>
  <key name="searching for" >
    <topic name="Advanced searching" url="advanced_searching.html" />
    <topic name="Search for a user" url="search_for_a_user.html" />
  </key>
</key>
<key name="Using server logs" >
  <topic name="Use the server logs" url="use_the_server_logs.html" />
</key>
<key name="Viewing active server sessions" >
  <topic name="View active server sessions" url="view_active_server_sessions.html" />
</key>
<key name="Viewing database connection properties" >
  <topic name="View database connection properties" url="view_database_connection_properties.html" />
</key>
<key name="Viewing group chat room information" >
  <topic name="View group chat room summary" url="view_group_chat_room_summary.html" />
</key>
<key name="Viewing server sessions" >
  <topic name="View active server sessions" url="view_active_server_sessions.html" />
</key>
<key name="Viewing server settings" >
  <topic name="View server settings" url="view_server_settings.html" />
</key>

</indexdata>
