<?xml version='1.0' encoding='windows-1252' ?>
<indexdata>
<key name="Group chats" >
  <topic name="About managing group chats" url="about_managing_group_chats.html" />
  <key name="editing history settings" >
    <topic name="Edit group chat history settings" url="edit_group_chat_history_settings.html" />
  </key>
  <key name="editing service properties" >
    <topic name="Edit group chat service properties" url="edit_group_chat_service_properties.html" />
  </key>
  <key name="logging conversations" >
    <topic name="Edit conversation logging settings" url="edit_conversation_logging_settings.html" />
  </key>
  <key name="removing administrators" >
    <topic name="Edit group chat service administrators" url="edit_group_chat_service_administrators.html" />
  </key>
  <key name="setting administrators for" >
    <topic name="Edit group chat service administrators" url="edit_group_chat_service_administrators.html" />
  </key>
  <key name="setting kick policy for" >
    <topic name="Edit idle user settings" url="edit_idle_user_settings.html" />
  </key>
</key>
<key name="Group description" >
  <topic name="Create a group" url="create_a_group.html" />
  <topic name="Edit group properties" url="edit_group_properties.html" />
</key>
<key name="Group display name" >
  <topic name="Create a shared roster group" url="create_a_shared_roster_group.html" />
</key>
<key name="Group name" >
  <topic name="Create a group" url="create_a_group.html" />
  <topic name="Edit group properties" url="edit_group_properties.html" />
</key>
<key name="Groups" >
  <topic name="About users and groups" url="about_users_and_groups.html" />
  <key name="adding to user rosters" >
    <topic name="Create a shared roster group" url="create_a_shared_roster_group.html" />
  </key>
  <key name="adding users" >
    <topic name="Edit group membership" url="edit_group_membership.html" />
  </key>
  <key name="changing names" >
    <topic name="Edit group properties" url="edit_group_properties.html" />
  </key>
  <key name="creating" >
    <topic name="Create a group" url="create_a_group.html" />
  </key>
  <key name="deleting" >
    <topic name="Delete a group" url="delete_a_group.html" />
  </key>
  <key name="deleting users" >
    <topic name="Edit group membership" url="edit_group_membership.html" />
  </key>
  <key name="editing properties" >
    <topic name="Edit group properties" url="edit_group_properties.html" />
  </key>
  <key name="removing from rosters" >
    <topic name="Remove a shared roster group from rosters" url="remove_a_shared_roster_group_from_rosters.html" />
  </key>
</key>
<key name="Help" >
  <topic name="Find what you want in Help" url="find_what_you_want_in_help.html" />
  <topic name="Other support resources" url="other_support_resources.html" />
</key>
<key name="Hold messages" >
  <topic name="Add canned responses to a workgroup" url="add_canned_responses_to_a_workgroup.html" />
</key>
<key name="Idle user settings" >
  <topic name="Edit idle user settings" url="edit_idle_user_settings.html" />
</key>
<key name="Images" >
  <topic name="Add or change form images" url="add_or_change_form_images.html" />
</key>
<key name="Inband login accounts" >
  <topic name="Manage registration and login settings" url="manage_registration_and_login_settings.html" />
</key>
<key name="Info log" >
  <topic name="Use the server logs" url="use_the_server_logs.html" />
</key>
<key name="Installing interceptors" >
  <topic name="Install an interceptor for a workgroup" url="install_an_interceptor_for_a_workgroup.html" />
</key>
<key name="Installing routers" >
  <topic name="Install a router for a workgroup" url="install_a_router_for_a_workgroup.html" />
</key>
<key name="Installing security certificates" >
  <topic name="Manage security certificates" url="manage_security_certificates.html" />
</key>
<key name="Installing the Agent Console" >
  <topic name="Download and run the Agent Console installer" url="download_and_run_the_agent_console_installer.html" />
</key>
<key name="Installing workgroup interceptors" >
  <topic name="Install a global interceptor" url="install_a_global_interceptor.html" />
</key>
<key name="Intercepting requests" >
  <topic name="Install an interceptor for a workgroup" url="install_an_interceptor_for_a_workgroup.html" />
</key>
<key name="Interceptor classes" >
  <topic name="Add a global interceptor class" url="add_a_global_interceptor_class.html" />
  <topic name="Add an interceptor class" url="add_an_interceptor_class.html" />
</key>
<key name="Interceptor order" >
  <topic name="Edit or uninstall an interceptor" url="edit_or_uninstall_an_interceptor.html" />
  <topic name="Edit or uninstall global interceptors" url="edit_or_uninstall_global_interceptors.html" />
</key>
<key name="Interceptors" >
  <topic name="Install a global interceptor" url="install_a_global_interceptor.html" />
  <key name="adding classes to global" >
    <topic name="Add a global interceptor class" url="add_a_global_interceptor_class.html" />
  </key>
  <key name="adding classes to workgroup" >
    <topic name="Add an interceptor class" url="add_an_interceptor_class.html" />
  </key>
  <key name="creating custom" >
    <topic name="Add an interceptor class" url="add_an_interceptor_class.html" />
  </key>
  <key name="editing" >
    <topic name="Edit or uninstall an interceptor" url="edit_or_uninstall_an_interceptor.html" />
  </key>
  <key name="installing for a workgroup" >
    <topic name="Install an interceptor for a workgroup" url="install_an_interceptor_for_a_workgroup.html" />
  </key>
  <key name="installing global workgroup" >
    <topic name="Install a global interceptor" url="install_a_global_interceptor.html" />
  </key>
  <key name="uninstalling" >
    <topic name="Edit or uninstall an interceptor" url="edit_or_uninstall_an_interceptor.html" />
  </key>
</key>
<key name="JDBC driver" >
  <topic name="View database connection properties" url="view_database_connection_properties.html" />
</key>
<key name="Jive repository workgroup settings" >
  <topic name="Specify Jive repository settings for a workgroup" url="specify_search_settings_for_workgroup.html" />
</key>
<key name="Jive Software support" >
  <topic name="Other support resources" url="other_support_resources.html" />
</key>
<key name="Kick policy for server" >
  <topic name="Set the server resource conflict policy" url="set_the_server_resource_conflict_policy.html" />
</key>
<key name="Knowledge Base document root" >
  <topic name="Specify Jive repository settings for a workgroup" url="specify_search_settings_for_workgroup.html" />
</key>
<key name="License details" >
  <topic name="View Live Assistant license details" url="view_live_assistant_license_details.html" />
</key>
<key name="Limiting chat history messages" >
  <topic name="Edit group chat history settings" url="edit_group_chat_history_settings.html" />
</key>
<key name="Live Assistance license" >
  <topic name="View Live Assistant license details" url="view_live_assistant_license_details.html" />
</key>
<key name="Live Assistant" >
  <topic name="Deploy the Agent application" url="deploy_the_agent_application.html" />
  <key name="deploying the Agent app" >
    <topic name="Deploy the Agent application" url="deploy_the_agent_application.html" />
  </key>
  <key name="deploying Webchat" >
    <topic name="Deploy the Webchat Client application" url="deploy_the_webchat_client_application.html" />
  </key>
  <key name="getting started" >
    <topic name="Get started" url="get_started.html" />
  </key>
  <key name="running a test chat session" >
    <topic name="Run a test chat session" url="run_a_test_chat_session.html" />
  </key>
  <key name="setting up" >
    <topic name="Use Live Assistant for the first time" url="use_live_assistant_for_the_first_time.html" />
  </key>
</key>
<key name="Live Assistant Admin Console" >
  <topic name="About the Live Assistant Admin Console" url="about_the_live_assistant_admin_console.html" />
  <topic name="Get around in the Admin Console" url="get_around_in_the_admin_console.html" />
</key>
<key name="Live Assistant system diagram" >
  <topic name="Live Assistant system" url="live_assistant_system.htm" />
</key>
<key name="Log refresh rate" >
  <topic name="Use the server logs" url="use_the_server_logs.html" />
</key>
<key name="Logging out" >
  <topic name="Get around in the Admin Console" url="get_around_in_the_admin_console.html" />
</key>
<key name="Login settings" >
  <topic name="Manage registration and login settings" url="manage_registration_and_login_settings.html" />
</key>
<key name="Main Menu" >
  <topic name="Get around in the Admin Console" url="get_around_in_the_admin_console.html" />
</key>
<key name="Managing queues" >
  <topic name="Edit queue properties" url="edit_queue_properties.html" />
</key>
<key name="Managing server registration" >
  <topic name="Manage registration and login settings" url="manage_registration_and_login_settings.html" />
</key>
<key name="Managing the server" >
  <topic name="About the server" url="about_the_server.html" />
</key>
<key name="Menu tabs" >
  <topic name="Get around in the Admin Console" url="get_around_in_the_admin_console.html" />
</key>
<key name="Message audit policy" >
  <topic name="Set server traffic auditing policy" url="set_server_traffic_auditing_policy.html" />
</key>
<key name="Moderating group chat rooms" >
  <topic name="Edit group chat room settings" url="edit_group_chat_room_settings.html" />
</key>
<key name="Name - value pairs" >
  <topic name="Define a router" url="define_a_router.html" />
</key>
<key name="Naming agent groups" >
  <topic name="Create an agent group" url="create_an_angent_group.html" />
</key>
<key name="No Help form" >
  <topic name="About Webchat forms" url="about_the_webchat_form.html" />
  <topic name="Edit form text" url="edit_form_text.html" />
</key>
<key name="Offer timeout" >
  <topic name="Edit workgroup properties" url="edit_workgroup_properties.html" />
</key>
<key name="Offline email form" >
  <topic name="Set an offline policy for a workgroup" url="set_an_offline_policy_for_a_workgroup.html" />
</key>
<key name="Offline message file size" >
  <topic name="Manage offline messages" url="manage_offline_messages.html" />
</key>
<key name="Offline message policy" >
  <topic name="Manage offline messages" url="manage_offline_messages.html" />
</key>
<key name="Offline messages" >
  <topic name="Manage offline messages" url="manage_offline_messages.html" />
</key>
<key name="Offline webpage" >
  <topic name="Set an offline policy for a workgroup" url="set_an_offline_policy_for_a_workgroup.html" />
</key>
<key name="Offline workgroup policy" >
  <topic name="Set an offline policy for a workgroup" url="set_an_offline_policy_for_a_workgroup.html" />
</key>
<key name="Online support resources" >
  <topic name="Other support resources" url="other_support_resources.html" />
</key>
<key name="Opening a workgroup" >
  <topic name="Open and close a workgroup manually" url="open_and_close_a_workgroup_manually.html" />
</key>
<key name="Packet interceptors" >
  <topic name="Install an interceptor for a workgroup" url="install_an_interceptor_for_a_workgroup.html" />
</key>
<key name="Password protecting group chat rooms" >
  <topic name="Create a group chat room" url="create_a_group_chat_room.html" />
</key>
<key name="Passwords" >
  <topic name="Manage registration and login settings" url="manage_registration_and_login_settings.html" />
  <key name="changing user" >
    <topic name="Change a user password" url="change_a_user_password.html" />
  </key>
  <key name="creating for group chat room" >
    <topic name="Create a group chat room" url="create_a_group_chat_room.html" />
    <topic name="Set the server email account" url="set_the_server_email_account.html" />
  </key>
  <key name="enabling users to change" >
    <topic name="Manage registration and login settings" url="manage_registration_and_login_settings.html" />
  </key>
  <key name="setting for server email" >
    <topic name="Set the server email account" url="set_the_server_email_account.html" />
  </key>
</key>
<key name="Possible agents to add" >
  <topic name="Possible Agents to Add" url="possible_agents_to_add.html" />
</key>
<key name="Private data storage policy" >
  <topic name="Set private data storage policy" url="set_private_data_storage_policy.html" />
</key>
<key name="Queue description" >
  <topic name="Edit queue properties" url="edit_queue_properties.html" />
</key>
<key name="Queue forms" >
  <topic name="About Webchat forms" url="about_the_webchat_form.html" />
  <topic name="Edit form text" url="edit_form_text.html" />
</key>
<key name="Queue overflow policy" >
  <topic name="Set queue overflow policy" url="set_queue_overflow_policy.html" />
</key>
<key name="Queue routers" >
  <topic name="Install a router for a workgroup" url="install_a_router_for_a_workgroup.html" />
</key>
<key name="Queue routing rules" >
  <topic name="Define a router" url="define_a_router.html" />
</key>
<key name="Queue timeout" >
  <topic name="Edit queue properties" url="edit_queue_properties.html" />
</key>

</indexdata>
