<?xml version='1.0' encoding='windows-1252' ?>
<tocdata>
<book name="Welcome to Jive Live Assistant" >
  <item name="About the Live Assistant Admin Console" url="about_the_live_assistant_admin_console.html" />
  <item name="Get around in the Admin Console" url="get_around_in_the_admin_console.html" />
  <book name="Getting Started" >
    <item name="Get started" url="get_started.html" />
    <item name="Use Live Assistant for the first time" url="use_live_assistant_for_the_first_time.html" />
    <item name="Download and run the Agent Console installer" url="download_and_run_the_agent_console_installer.html" />
    <item name="Run a test chat session" url="run_a_test_chat_session.html" />
    <item name="Deploy the Webchat Client application" url="deploy_the_webchat_client_application.html" />
    <item name="Deploy the Agent application" url="deploy_the_agent_application.html" />
  </book>
</book>
<book name="Using Help" >
  <item name="Find what you want in Help" url="find_what_you_want_in_help.html" />
  <item name="Other support resources" url="other_support_resources.html" />
</book>
<book name="Managing Live Assistant" >
  <book name="Managing Workgroups and Queues" >
    <item name="About workgroups and queues" url="about_workgroups_and_queues.html" />
    <item name="Create a workgroup" url="create_a_workgroup.html" />
    <item name="Edit workgroup properties" url="edit_workgroup_properties.html" />
    <item name="Open and close a workgroup manually" url="open_and_close_a_workgroup_manually.html" />
    <book name="Managing Queues" >
      <item name="Create a queue" url="create_a_queue.html" />
      <item name="Edit queue properties" url="edit_queue_properties.html" />
      <item name="Add agents to a queue" url="add_agents_to_a_queue.html" />
      <item name="Add agent groups to a queue" url="add_agent_groups_to_a_queue.html" />
      <item name="Remove agents from a queue" url="remove_agents_from_a_queue.html" />
      <item name="Set queue overflow policy" url="set_queue_overflow_policy.html" />
      <item name="Delete a queue" url="delete_a_queue.html" />
    </book>
    <book name="Managing Routing Rules" >
      <item name="Install a router for a workgroup" url="install_a_router_for_a_workgroup.html" />
      <item name="Add a router class" url="add_a_router_class.html" />
      <item name="Define a router" url="define_a_router.html" />
      <item name="Edit or uninstall a workgroup router" url="edit_or_uninstall_a_workgroup_router.html" />
    </book>
    <book name="Managing Interceptors" >
      <item name="Install an interceptor for a workgroup" url="install_an_interceptor_for_a_workgroup.html" />
      <item name="Add an interceptor class" url="add_an_interceptor_class.html" />
      <item name="Edit or uninstall an interceptor" url="edit_or_uninstall_an_interceptor.html" />
    </book>
    <book name="Managing The Webchat Form" >
      <item name="About the Webchat form" url="about_the_webchat_form.html" />
      <item name="Create a form" url="create_a_form.html" />
      <item name="Create a custom form field" url="create_a_custom_form_field.html" />
      <item name="Edit or delete a form field" url="edit_or_delete_a_form_field.html" />
      <item name="Create a form variable" url="create_a_form_variable.html" />
      <item name="Add or change form images" url="add_or_change_form_images.html" />
      <item name="Edit form text" url="edit_form_text.html" />
    </book>
    <item name="Set an offline policy for a workgroup" url="set_an_offline_policy_for_a_workgroup.html" />
    <item name="Set header and message text for transcript emails" url="set_header_and_message_text_for_transcript_emails.html" />
    <book name="Configuring Chatbot" >
      <item name="Enable or disable Chatbot" url="enable_or_disable_chatbot.html" />
      <item name="Configure Chatbot settings" url="configure_chatbot_settings.html" />
    </book>
    <item name="Specify search settings for a workgroup" url="specify_search_settings_for_workgroup.html" />
    <item name="Set a schedule for a workgroup" url="set_a_schedule_for_a_workgroup.html" />
    <item name="Add canned responses to a workgroup" url="add_canned_responses_to_a_workgroup.html" />
    <item name="Edit or delete canned responses" url="edit_or_delete_canned_responses.html" />
    <item name="Delete a workgroup" url="delete_a_workgroup.html" />
    <item name="View status of workgroup agents" url="view_status_of_workgroup_agents.html" />
    <item name="View chat transcript reports for a workgroup" url="view_chat_transcript_reports_for_a_workgroup.html" />
    <item name="View workgroup usage reports" url="view_workgroup_usage_reports.html" />
    <book name="Managing Global Workgroup Settings" >
      <item name="Edit global workgroup settings" url="edit_global_workgroup_settings.html" />
      <item name="Install a global interceptor" url="install_a_global_interceptor.html" />
      <item name="Add a global interceptor class" url="add_a_global_interceptor_class.html" />
      <item name="Edit or uninstall global interceptors" url="edit_or_uninstall_global_interceptors.html" />
      <item name="Configure global dispatcher settings" url="configure_global_dispatcher_settings.html" />
    </book>
  </book>
  <book name="Managing Agents and Agent Groups" >
    <item name="About agents and agent groups" url="about_agents_and_agent_groups.html" />
    <item name="Create an agent group" url="create_an_angent_group.html" />
    <item name="Edit agent group membership" url="edit_agent_group_membership.html" />
    <item name="Delete an agent group" url="delete_an_agent_group.html" />
  </book>
  <item name="View Live Assistant license details" url="view_live_assistant_license_details.html" />
</book>
<book name="Managing the Server" >
  <item name="About the server" url="about_the_server.html" />
  <item name="View server settings" url="view_server_settings.html" />
  <item name="Edit server properties" url="edit_server_properties.html" />
  <item name="View database connection properties" url="view_database_connection_properties.html" />
  <item name="Use the server logs" url="use_the_server_logs.html" />
  <item name="Manage system plugins" url="manage_system_plugins.html" />
  <item name="Set the server email account" url="set_the_server_email_account.html" />
  <item name="Manage system properties" url="manage_system_properties.html" />
  <item name="Set the server resource conflict policy" url="set_the_server_resource_conflict_policy.html" />
  <item name="Set private data storage policy" url="set_private_data_storage_policy.html" />
  <item name="Manage offline messages" url="manage_offline_messages.html" />
  <item name="Stop the server" url="stop_the_server.html" />
  <item name="Restart the server" url="restart_the_server.html" />
  <book name="Managing Security and Auditing" >
    <item name="Manage security certificates" url="manage_security_certificates.html" />
    <item name="Manage registration and login settings" url="manage_registration_and_login_settings.html" />
    <item name="Set server traffic auditing policy" url="set_server_traffic_auditing_policy.html" />
  </book>
</book>
<book name="Managing Users and Groups" >
  <item name="About users and groups" url="about_users_and_groups.html" />
  <book name="Managing Users" >
    <item name="Add users to the system" url="add_users_to_the_system.html" />
    <item name="Search for a user" url="search_for_a_user.html" />
    <item name="Advanced searching" url="advanced_searching.html" />
    <item name="Edit user properties" url="edit_user_properties.html" />
    <item name="Change a user password" url="change_a_user_password.html" />
    <item name="Remove a user from the system" url="remove_a_user_from_the_system.html" />
  </book>
  <book name="Managing Groups" >
    <item name="Create a group" url="create_a_group.html" />
    <item name="Create a shared roster group" url="create_a_shared_roster_group.html" />
    <item name="Remove a shared roster group from rosters" url="remove_a_shared_roster_group_from_rosters.html" />
    <item name="Edit group properties" url="edit_group_properties.html" />
    <item name="Edit group membership" url="edit_group_membership.html" />
    <item name="Delete a group" url="delete_a_group.html" />
  </book>
</book>
<book name="Managing Sessions" >
  <item name="View active client sessions" url="view_active_client_sessions.html" />
  <item name="View active server sessions" url="view_active_server_sessions.html" />
  <item name="Close a client session connection" url="close_a_client_session_connection.html" />
  <item name="Send an administrative message to users" url="send_an_administrative_message_to_users.html" />
</book>
<book name="Managing Group Chats" >
  <item name="About managing group chats" url="about_managing_group_chats.html" />
  <item name="Edit group chat service properties" url="edit_group_chat_service_properties.html" />
  <item name="Edit group chat history settings" url="edit_group_chat_history_settings.html" />
  <item name="Edit group chat service administrators" url="edit_group_chat_service_administrators.html" />
  <item name="Edit idle user settings" url="edit_idle_user_settings.html" />
  <item name="Edit conversation logging settings" url="edit_conversation_logging_settings.html" />
  <book name="Managing Group Chat Rooms" >
    <item name="Set group chat room creation permissions" url="set_group_chat_room_creation_permissions.html" />
    <item name="View group chat room summary" url="view_group_chat_room_summary.html" />
    <item name="Create a group chat room" url="create_a_group_chat_room.html" />
    <item name="Edit group chat room settings" url="edit_group_chat_room_settings.html" />
    <item name="Edit group chat room user permissions" url="edit_group_chat_room_user_permissions.html" />
    <item name="Delete a group chat room" url="delete_a_group_chat_room.html" />
  </book>
</book>

</tocdata>
