<?xml version='1.0' encoding='windows-1252' ?>
<tocdata>
<book name="Welcome to Wildfire" >
  <item name="About the Wildfire Admin Console" url="about_the_wildfire_admin_console.html" />
  <item name="Get around in the Wildfire Admin Console" url="get_around_in_the_wildfire_admin_console.html" />
  <item name="Get Started" url="get_started_jm.html" />
</book>
<book name="Using Help" >
  <item name="Find what you want in Help" url="find_what_you_want_in_help.html" />
  <item name="Other support resources" url="other_support_resources.html" />
</book>
<book name="Managing the Server" >
  <item name="About the server" url="about_the_server.html" />
  <item name="View server settings" url="view_server_settings.html" />
  <item name="Edit server properties" url="edit_server_properties.html" />
  <item name="View database connection properties" url="view_database_connection_properties.html" />
  <item name="Use the server logs" url="use_the_server_logs.html" />
  <item name="Manage system plugins" url="manage_system_plugins.html" />
  <item name="Set the server email account" url="set_the_server_email_account.html" />
  <item name="Manage system properties" url="manage_system_properties.html" />
  <item name="Set the server resource conflict policy" url="set_the_server_resource_conflict_policy.html" />
  <item name="Set private data storage policy" url="set_private_data_storage_policy.html" />
  <item name="Manage offline messages" url="manage_offline_messages.html" />
  <item name="Stop the server" url="stop_the_server.html" />
  <item name="Restart the server" url="restart_the_server.html" />
  <book name="Managing Security and Auditing" >
    <item name="Manage security certificates" url="manage_security_certificates.html" />
    <item name="Manage registration and login settings" url="manage_registration_and_login_settings.html" />
    <item name="Set server traffic auditing policy" url="set_server_traffic_auditing_policy.html" />
  </book>
</book>
<book name="Managing Users and Groups" >
  <item name="About users and groups" url="about_users_and_groups.html" />
  <book name="Managing Users" >
    <item name="Add users to the system" url="add_users_to_the_system.html" />
    <item name="Search for a user" url="search_for_a_user.html" />
    <item name="Advanced searching" url="advanced_searching.html" />
    <item name="Edit user properties" url="edit_user_properties.html" />
    <item name="Change a user password" url="change_a_user_password.html" />
    <item name="Remove a user from the system" url="remove_a_user_from_the_system.html" />
  </book>
  <book name="Managing Groups" >
    <item name="Create a group" url="create_a_group.html" />
    <item name="Create a shared roster group" url="create_a_shared_roster_group.html" />
    <item name="Remove a shared roster group from rosters" url="remove_a_shared_roster_group_from_rosters.html" />
    <item name="Edit group properties" url="edit_group_properties.html" />
    <item name="Edit group membership" url="edit_group_membership.html" />
    <item name="Delete a group" url="delete_a_group.html" />
  </book>
</book>
<book name="Managing Sessions" >
  <item name="View active client sessions" url="view_active_client_sessions.html" />
  <item name="View active server sessions" url="view_active_server_sessions.html" />
  <item name="Close a client session connection" url="close_a_client_session_connection.html" />
  <item name="Send an administrative message to users" url="send_an_administrative_message_to_users.html" />
</book>
<book name="Managing Group Chats" >
  <item name="About managing group chats" url="about_managing_group_chats.html" />
  <item name="Edit group chat service properties" url="edit_group_chat_service_properties.html" />
  <item name="Edit group chat history settings" url="edit_group_chat_history_settings.html" />
  <item name="Edit group chat service administrators" url="edit_group_chat_service_administrators.html" />
  <item name="Edit idle user settings" url="edit_idle_user_settings.html" />
  <item name="Edit conversation logging settings" url="edit_conversation_logging_settings.html" />
  <book name="Managing Group Chat Rooms" >
    <item name="Set group chat room creation permissions" url="set_group_chat_room_creation_permissions.html" />
    <item name="View group chat room summary" url="view_group_chat_room_summary.html" />
    <item name="Create a group chat room" url="create_a_group_chat_room.html" />
    <item name="Edit group chat room settings" url="edit_group_chat_room_settings.html" />
    <item name="Edit group chat room user permissions" url="edit_group_chat_room_user_permissions.html" />
    <item name="Delete a group chat room" url="delete_a_group_chat_room.html" />
  </book>
</book>

</tocdata>
